id,supplierId,status,totalAmount,currency,createdAt,updatedAt,approvedAt,completedAt,createdBy
po1,s21,COMPLETED,9829567,INR,2024-04-02T03:58:59.941Z,2025-01-22T13:32:19.690Z,2025-10-27T19:50:29.079Z,2025-03-20T14:54:19.982Z,u9
po2,s8,COMPLETED,2648430,INR,2025-06-16T03:12:43.847Z,2026-01-26T23:52:59.431Z,2024-07-12T13:11:22.569Z,2025-10-04T11:26:06.903Z,u2
po3,s14,COMPLETED,5362522,INR,2025-12-08T21:40:52.658Z,2025-09-22T12:19:43.385Z,2024-11-13T05:34:32.141Z,2025-09-15T01:02:35.441Z,u7
po4,s1,COMPLETED,14548045,INR,2025-06-20T12:28:51.820Z,2024-06-20T10:52:38.393Z,2025-07-05T11:59:16.133Z,2024-04-11T20:55:14.211Z,u4
po5,s1,COMPLETED,16674070,INR,2025-11-04T11:54:59.283Z,2025-03-17T17:03:25.087Z,2024-10-26T06:26:38.268Z,2024-11-06T02:59:37.608Z,u2
po6,s29,COMPLETED,1430722,INR,2025-05-31T14:28:21.231Z,2025-12-12T16:57:43.748Z,2024-10-07T19:12:30.058Z,2024-10-16T06:03:14.655Z,u3
po7,s6,COMPLETED,10767347,INR,2024-12-10T04:51:50.924Z,2024-07-28T11:52:46.266Z,2025-12-09T19:00:57.359Z,2025-01-23T06:38:01.773Z,u10
po8,s6,COMPLETED,5141994,INR,2025-05-22T16:15:43.910Z,2025-05-15T07:16:52.622Z,2025-08-25T11:55:06.405Z,2025-08-05T04:51:51.548Z,u3
po9,s27,COMPLETED,5501876,INR,2025-06-15T07:15:49.461Z,2025-02-02T03:52:22.792Z,2024-04-14T12:05:51.654Z,2024-03-17T15:08:24.636Z,u9
po10,s2,COMPLETED,8316704,INR,2026-02-10T09:15:59.992Z,2025-11-09T08:27:28.650Z,2025-04-18T13:34:41.759Z,2024-07-21T03:13:34.748Z,u6
po11,s12,COMPLETED,1381050,INR,2024-12-20T12:55:12.579Z,2025-01-03T20:29:30.318Z,2024-05-19T12:19:47.026Z,2024-07-25T16:04:17.196Z,u7
po12,s22,COMPLETED,4385790,INR,2025-05-25T04:43:19.831Z,2025-05-21T10:07:07.382Z,2024-10-24T00:04:04.027Z,2024-04-11T02:19:49.761Z,u6
po13,s11,COMPLETED,17097169,INR,2025-10-10T12:07:55.448Z,2025-10-22T09:16:37.960Z,2024-03-29T00:43:50.554Z,2024-04-12T03:41:22.258Z,u8
po14,s5,COMPLETED,3543555,INR,2025-09-15T12:26:44.751Z,2024-08-05T06:17:59.118Z,2024-08-05T10:09:21.003Z,2025-12-10T11:42:22.171Z,u5
po15,s16,COMPLETED,5669122,INR,2024-10-17T11:29:42.827Z,2024-08-22T02:33:31.951Z,2024-12-01T10:00:48.281Z,2024-11-16T21:28:18.501Z,u1
po16,s21,COMPLETED,2400032,INR,2024-12-04T09:07:14.011Z,2025-02-11T06:32:49.965Z,2025-09-02T20:09:18.553Z,2024-12-06T06:54:18.827Z,u7
po17,s12,COMPLETED,7691300,INR,2025-02-07T02:47:47.203Z,2025-08-17T03:09:36.741Z,2025-01-11T07:05:26.425Z,2025-05-18T21:09:17.027Z,u4
po18,s18,COMPLETED,2236635,INR,2024-03-10T00:49:25.182Z,2026-01-02T13:18:04.010Z,2025-03-06T11:51:21.970Z,2026-01-11T15:33:14.889Z,u10
po19,s13,COMPLETED,11000527,INR,2026-01-14T04:19:52.370Z,2025-08-11T19:40:28.020Z,2024-03-11T12:33:13.954Z,2025-06-04T10:23:15.527Z,u2
po20,s11,COMPLETED,741718,INR,2025-05-26T23:32:17.186Z,2025-03-19T21:17:49.369Z,2024-05-27T18:21:47.999Z,2025-06-07T19:38:33.969Z,u3
po21,s10,COMPLETED,10949932,INR,2025-09-20T12:55:38.817Z,2024-11-09T09:23:25.366Z,2024-05-15T03:08:35.648Z,2025-12-22T15:32:39.592Z,u7
po22,s26,COMPLETED,10533687,INR,2024-05-03T04:42:57.534Z,2025-11-14T04:27:11.888Z,2025-04-09T02:51:29.539Z,2025-12-27T22:58:26.077Z,u2
po23,s24,COMPLETED,7844301,INR,2025-06-20T23:30:12.139Z,2025-07-22T21:33:00.582Z,2026-01-03T08:53:59.940Z,2025-06-29T23:01:16.868Z,u4
po24,s6,COMPLETED,3883426,INR,2025-09-21T00:54:41.029Z,2025-05-12T16:10:06.634Z,2025-08-06T13:12:51.362Z,2024-11-11T21:20:59.436Z,u5
po25,s20,COMPLETED,16454026,INR,2024-04-28T12:00:11.717Z,2024-08-17T00:40:06.730Z,2025-04-24T19:34:58.588Z,2024-03-22T20:54:30.416Z,u5
po26,s25,COMPLETED,2749600,INR,2025-01-06T11:00:47.654Z,2025-05-20T14:24:22.484Z,2026-02-24T04:59:37.386Z,2026-01-03T20:26:30.407Z,u7
po27,s4,COMPLETED,10196985,INR,2024-03-31T01:11:26.400Z,2025-01-03T00:15:03.316Z,2025-06-26T03:39:49.309Z,2024-12-12T20:02:10.118Z,u2
po28,s12,COMPLETED,4572917,INR,2025-02-11T15:47:56.086Z,2025-05-11T09:49:13.367Z,2025-06-10T15:08:52.402Z,2024-12-24T19:10:39.170Z,u8
po29,s15,COMPLETED,13047798,INR,2024-06-13T10:28:58.790Z,2025-04-23T02:00:14.343Z,2024-10-30T07:38:10.256Z,2024-06-04T03:12:56.247Z,u2
po30,s12,COMPLETED,3378660,INR,2024-10-28T09:17:14.395Z,2024-05-13T12:11:16.199Z,2024-07-26T22:17:29.474Z,2024-11-20T00:12:31.914Z,u9
po31,s17,COMPLETED,8479061,INR,2024-10-03T22:35:13.567Z,2024-09-01T06:32:58.551Z,2024-09-28T12:10:58.035Z,2026-01-18T02:34:12.171Z,u5
po32,s9,COMPLETED,12908879,INR,2026-01-20T23:44:40.485Z,2025-01-28T03:10:44.543Z,2024-04-07T09:47:15.203Z,2024-04-13T19:29:30.992Z,u8
po33,s15,COMPLETED,7349152,INR,2024-06-26T04:33:58.798Z,2025-01-06T20:39:23.312Z,2025-08-13T20:29:57.950Z,2024-05-12T10:51:57.419Z,u3
po34,s1,COMPLETED,421584,INR,2024-05-02T02:28:12.541Z,2024-10-29T07:16:14.424Z,2025-09-20T15:51:28.725Z,2025-05-22T20:19:57.522Z,u2
po35,s21,COMPLETED,323454,INR,2025-10-11T21:39:06.750Z,2024-03-20T02:22:09.260Z,2025-09-29T08:30:07.054Z,2025-03-20T14:31:09.672Z,u8
po36,s21,COMPLETED,9456603,INR,2025-01-17T07:23:05.016Z,2025-04-14T16:32:20.958Z,2024-10-15T22:40:32.738Z,2025-08-30T23:48:37.964Z,u4
po37,s29,COMPLETED,3989940,INR,2024-08-15T06:47:00.864Z,2025-08-26T00:47:21.117Z,2025-01-18T21:39:30.076Z,2025-12-08T09:41:24.701Z,u5
po38,s8,COMPLETED,1337364,INR,2024-04-29T03:38:23.002Z,2024-05-29T23:35:16.971Z,2025-03-01T07:00:37.040Z,2024-08-31T23:03:56.110Z,u1
po39,s7,COMPLETED,4493488,INR,2025-11-08T01:12:28.810Z,2025-04-13T18:16:46.131Z,2026-02-21T15:03:06.347Z,2024-10-02T23:21:01.626Z,u8
po40,s2,COMPLETED,2694666,INR,2026-01-12T03:58:59.802Z,2026-02-21T05:39:51.112Z,2024-08-11T03:31:32.628Z,2026-01-27T08:11:49.403Z,u4
po41,s20,COMPLETED,6718677,INR,2025-12-17T23:04:58.377Z,2025-03-05T11:33:09.468Z,2024-03-18T15:23:25.586Z,2024-03-17T16:17:06.903Z,u9
po42,s23,COMPLETED,13712406,INR,2024-08-12T15:08:23.090Z,2026-02-23T05:35:13.915Z,2025-09-01T16:31:33.012Z,2024-10-08T22:54:25.510Z,u1
po43,s18,COMPLETED,18746851,INR,2025-02-10T21:59:17.921Z,2026-01-21T15:27:11.557Z,2025-09-18T12:56:23.801Z,2024-11-12T18:20:19.326Z,u5
po44,s16,COMPLETED,8314879,INR,2025-01-30T17:57:18.473Z,2024-11-07T03:57:29.204Z,2025-12-20T01:32:44.608Z,2025-10-12T00:08:08.367Z,u8
po45,s20,COMPLETED,9717631,INR,2025-10-28T03:48:53.896Z,2025-06-18T20:30:38.302Z,2025-08-22T07:08:07.917Z,2025-01-16T02:13:36.317Z,u6
po46,s21,COMPLETED,5406346,INR,2026-02-17T00:21:02.802Z,2024-04-16T06:19:29.581Z,2024-05-09T03:51:04.230Z,2025-03-09T05:24:49.281Z,u7
po47,s17,COMPLETED,41380,INR,2025-10-08T23:44:02.636Z,2024-04-20T16:55:57.021Z,2025-08-19T10:45:48.782Z,2025-10-23T10:48:01.602Z,u1
po48,s13,COMPLETED,8028268,INR,2025-01-02T01:34:07.952Z,2024-10-28T10:38:33.317Z,2024-11-11T11:56:14.004Z,2025-11-25T02:04:47.374Z,u6
po49,s15,COMPLETED,4580096,INR,2024-09-09T22:35:12.004Z,2025-01-31T18:09:05.624Z,2024-04-20T10:12:58.355Z,2024-09-24T14:49:58.994Z,u3
po50,s2,COMPLETED,6264300,INR,2025-12-17T20:58:57.313Z,2025-03-26T08:06:02.731Z,2024-10-30T18:01:48.000Z,2025-11-29T22:19:44.086Z,u7
po51,s24,COMPLETED,6422220,INR,2025-10-27T00:52:54.576Z,2024-08-20T00:03:26.842Z,2025-03-20T17:52:47.351Z,2026-01-26T17:11:28.375Z,u3
po52,s3,COMPLETED,1118101,INR,2024-11-05T23:13:48.052Z,2025-03-15T16:39:32.660Z,2025-05-01T21:40:02.342Z,2024-06-21T09:00:23.748Z,u8
po53,s21,COMPLETED,9147432,INR,2024-12-11T10:44:54.505Z,2026-02-12T04:32:40.279Z,2025-04-07T03:34:07.159Z,2026-03-05T21:44:12.915Z,u2
po54,s25,COMPLETED,6478559,INR,2025-04-30T08:59:24.881Z,2025-12-17T07:30:01.247Z,2025-01-11T09:23:22.724Z,2024-11-21T00:22:59.798Z,u5
po55,s2,COMPLETED,2784657,INR,2025-03-04T14:49:51.602Z,2025-04-16T11:59:09.584Z,2025-01-21T16:34:33.520Z,2024-07-11T06:18:01.723Z,u8
po56,s5,COMPLETED,10356912,INR,2024-03-18T23:11:54.488Z,2025-08-27T05:30:28.972Z,2025-04-26T04:56:36.784Z,2025-01-04T20:45:52.292Z,u5
po57,s10,COMPLETED,8149186,INR,2024-09-07T22:46:59.597Z,2025-06-01T21:41:30.934Z,2024-09-16T05:34:55.769Z,2024-10-30T11:24:06.031Z,u4
po58,s23,COMPLETED,16419605,INR,2026-02-08T22:00:48.230Z,2024-08-07T13:42:55.769Z,2024-09-01T16:48:33.158Z,2025-05-31T01:55:59.119Z,u5
po59,s12,COMPLETED,6594216,INR,2025-11-26T03:14:50.515Z,2025-09-05T19:58:46.175Z,2025-01-08T16:50:22.280Z,2024-05-27T23:47:39.495Z,u10
po60,s7,COMPLETED,2498191,INR,2025-06-28T00:45:07.885Z,2025-03-09T08:05:22.278Z,2025-08-19T17:56:54.943Z,2025-01-09T01:59:53.785Z,u9
po61,s19,COMPLETED,6386110,INR,2025-10-24T05:16:24.669Z,2024-09-27T11:17:44.748Z,2024-08-26T10:50:30.081Z,2025-12-07T23:17:00.951Z,u7
po62,s24,COMPLETED,10559126,INR,2025-06-29T00:51:12.816Z,2025-03-23T13:07:26.031Z,2024-04-21T14:40:36.450Z,2024-07-25T01:49:17.448Z,u1
po63,s1,COMPLETED,4500567,INR,2024-06-10T03:06:31.377Z,2024-09-10T12:11:34.581Z,2025-12-14T11:22:46.047Z,2024-08-07T02:26:18.687Z,u4
po64,s11,COMPLETED,6621028,INR,2024-04-22T05:20:13.678Z,2025-08-17T02:52:17.248Z,2025-08-19T08:39:45.270Z,2025-01-16T01:14:35.289Z,u7
po65,s14,COMPLETED,6295954,INR,2026-02-08T21:33:08.423Z,2025-02-19T09:28:34.484Z,2025-12-19T15:00:45.051Z,2024-09-09T23:46:18.481Z,u3
po66,s30,COMPLETED,10516452,INR,2025-10-02T03:06:26.143Z,2024-04-23T15:16:59.530Z,2025-09-18T02:05:58.116Z,2024-08-10T01:18:21.635Z,u9
po67,s13,COMPLETED,6430247,INR,2024-04-30T07:03:54.585Z,2026-01-26T20:00:59.456Z,2025-04-30T22:23:08.592Z,2025-03-03T13:24:05.850Z,u4
po68,s20,COMPLETED,6005028,INR,2024-03-25T06:59:06.366Z,2024-05-23T02:42:19.842Z,2025-04-22T21:02:59.721Z,2025-04-10T12:07:51.550Z,u1
po69,s30,COMPLETED,4622203,INR,2024-10-21T07:05:34.235Z,2024-09-07T07:21:57.479Z,2024-05-19T05:52:00.621Z,2024-12-14T06:35:31.085Z,u7
po70,s1,COMPLETED,3734655,INR,2024-12-28T22:57:38.876Z,2025-06-17T19:07:22.786Z,2025-07-31T16:35:59.871Z,2024-08-04T14:32:41.134Z,u7
po71,s1,COMPLETED,10284204,INR,2025-06-18T01:59:11.081Z,2025-11-14T01:13:08.560Z,2025-02-23T06:36:59.795Z,2024-03-24T01:29:38.873Z,u8
po72,s1,COMPLETED,290790,INR,2024-06-28T00:15:39.415Z,2024-03-29T01:39:55.138Z,2025-05-07T02:11:06.483Z,2024-03-17T17:55:14.202Z,u3
po73,s10,COMPLETED,2272152,INR,2025-03-16T04:18:40.778Z,2026-01-28T22:45:35.047Z,2025-09-05T03:50:10.207Z,2024-08-27T11:44:32.686Z,u2
po74,s28,COMPLETED,17399909,INR,2024-05-11T00:00:09.653Z,2024-04-19T08:05:24.563Z,2025-02-22T09:39:24.933Z,2025-08-06T08:48:17.538Z,u4
po75,s6,COMPLETED,2553197,INR,2024-10-29T05:11:11.565Z,2025-01-13T20:40:52.156Z,2025-05-28T08:56:36.815Z,2025-06-04T14:53:54.779Z,u5
po76,s15,COMPLETED,7098204,INR,2025-01-18T19:51:32.105Z,2024-06-10T07:43:16.781Z,2024-07-24T09:22:07.473Z,2024-04-13T06:43:59.087Z,u9
po77,s8,COMPLETED,6632588,INR,2024-07-27T19:35:16.487Z,2025-12-10T02:21:04.518Z,2026-01-27T23:26:53.051Z,2025-03-12T02:33:14.256Z,u3
po78,s2,COMPLETED,8191725,INR,2025-01-12T11:54:36.720Z,2024-09-03T08:12:43.822Z,2026-01-04T02:28:49.519Z,2024-11-26T23:25:17.488Z,u2
po79,s28,COMPLETED,8967674,INR,2025-06-18T02:02:07.574Z,2024-11-22T09:16:03.337Z,2024-05-31T21:57:01.241Z,2025-04-06T19:22:24.950Z,u4
po80,s15,COMPLETED,4106835,INR,2024-03-23T16:14:38.299Z,2025-04-25T17:05:52.469Z,2026-01-21T00:17:41.472Z,2025-01-16T21:11:50.463Z,u3
po81,s7,COMPLETED,11925125,INR,2025-03-27T05:32:33.061Z,2026-01-02T03:59:51.389Z,2024-06-20T12:09:14.797Z,2024-11-17T08:54:26.528Z,u1
po82,s6,COMPLETED,16326497,INR,2025-06-18T13:45:03.284Z,2025-04-22T08:22:16.925Z,2024-04-26T13:02:18.217Z,2025-08-31T14:06:19.021Z,u8
po83,s11,COMPLETED,6402737,INR,2024-12-24T16:01:34.090Z,2025-02-16T07:12:22.932Z,2026-01-19T09:20:22.631Z,2025-05-28T17:34:17.540Z,u10
po84,s11,COMPLETED,8270223,INR,2024-12-18T23:28:26.939Z,2026-02-24T13:05:29.969Z,2024-12-09T13:15:03.137Z,2025-09-22T20:30:38.751Z,u5
po85,s5,COMPLETED,3356126,INR,2026-01-04T11:01:19.204Z,2025-03-05T13:39:19.538Z,2024-04-02T03:36:08.773Z,2025-02-12T09:30:07.886Z,u2
po86,s7,COMPLETED,5544421,INR,2026-01-01T16:34:21.708Z,2025-12-18T16:16:26.137Z,2025-03-13T05:07:55.630Z,2025-10-31T19:09:21.603Z,u1
po87,s14,COMPLETED,4888832,INR,2026-01-02T23:21:24.236Z,2024-08-19T16:01:34.938Z,2025-02-19T01:53:28.234Z,2026-02-04T11:54:10.883Z,u8
po88,s8,COMPLETED,14361545,INR,2025-07-22T06:24:21.533Z,2024-10-31T03:53:07.953Z,2025-12-05T08:46:03.622Z,2025-10-03T15:41:42.923Z,u10
po89,s16,COMPLETED,5980287,INR,2024-03-17T02:00:50.929Z,2025-02-07T22:13:12.303Z,2025-06-18T19:55:53.192Z,2026-03-05T01:57:59.585Z,u9
po90,s10,COMPLETED,76914,INR,2025-05-07T21:20:20.884Z,2024-12-19T20:10:22.285Z,2024-07-10T15:26:04.254Z,2025-07-15T08:24:04.572Z,u9
po91,s19,COMPLETED,10730185,INR,2026-01-03T14:28:18.972Z,2025-04-24T21:38:30.338Z,2024-07-24T09:40:17.442Z,2024-11-29T06:58:59.671Z,u6
po92,s15,COMPLETED,9878974,INR,2025-04-09T09:15:04.297Z,2025-05-14T15:17:51.318Z,2024-07-07T19:03:30.058Z,2024-03-20T13:32:05.108Z,u9
po93,s13,COMPLETED,13954721,INR,2024-11-30T10:51:24.730Z,2025-10-26T13:47:08.890Z,2024-05-09T15:24:08.051Z,2024-08-12T17:34:20.535Z,u8
po94,s19,COMPLETED,8555447,INR,2024-07-25T10:33:23.184Z,2024-04-26T06:34:19.727Z,2025-03-31T05:55:56.458Z,2024-10-11T08:52:55.298Z,u2
po95,s30,COMPLETED,6045317,INR,2025-07-08T02:57:19.485Z,2025-02-08T13:03:23.371Z,2025-03-22T08:52:13.422Z,2024-08-06T08:29:04.122Z,u5
po96,s4,COMPLETED,7424798,INR,2025-10-27T03:36:17.472Z,2025-12-06T09:37:15.134Z,2024-12-15T16:07:39.420Z,2026-01-12T15:18:34.103Z,u7
po97,s5,COMPLETED,2360958,INR,2025-01-08T02:02:10.672Z,2025-04-29T02:15:41.491Z,2025-02-27T11:58:18.257Z,2026-02-08T11:19:52.144Z,u6
po98,s29,COMPLETED,3589885,INR,2025-12-03T23:48:43.029Z,2024-11-19T15:02:56.509Z,2025-05-29T02:56:25.743Z,2024-10-01T02:35:37.370Z,u3
po99,s11,COMPLETED,5865004,INR,2025-01-13T12:16:11.041Z,2025-12-08T15:15:13.428Z,2025-06-23T22:05:50.839Z,2025-08-10T23:13:49.333Z,u3
po100,s27,COMPLETED,16852929,INR,2024-06-14T06:56:17.726Z,2024-07-09T05:40:44.510Z,2025-03-25T03:42:12.578Z,2025-12-19T00:07:07.541Z,u3
po101,s30,COMPLETED,9599372,INR,2024-07-02T07:49:45.244Z,2025-03-16T08:36:32.461Z,2024-12-24T21:54:58.170Z,2025-04-26T00:33:21.090Z,u1
po102,s22,COMPLETED,3989625,INR,2024-04-28T05:39:41.561Z,2025-12-16T11:44:02.907Z,2024-03-15T12:58:33.575Z,2025-02-25T09:12:36.578Z,u10
po103,s5,COMPLETED,10101884,INR,2025-08-13T15:00:06.295Z,2025-03-01T20:11:53.601Z,2025-02-11T18:47:16.171Z,2025-10-28T05:20:41.343Z,u1
po104,s25,COMPLETED,11712129,INR,2024-06-02T01:52:08.671Z,2025-08-15T21:17:52.954Z,2025-10-23T10:39:40.625Z,2024-05-20T00:23:25.136Z,u3
po105,s9,COMPLETED,5866887,INR,2025-03-31T20:41:27.642Z,2025-06-18T20:22:22.720Z,2024-08-17T20:08:40.586Z,2025-07-31T20:33:43.155Z,u2
po106,s8,COMPLETED,5542984,INR,2024-05-29T08:28:58.128Z,2025-06-16T00:36:11.603Z,2026-02-03T12:08:40.267Z,2025-06-21T19:50:52.851Z,u4
po107,s18,COMPLETED,6551620,INR,2024-12-18T13:53:33.653Z,2025-06-10T17:21:16.992Z,2026-02-02T07:59:49.083Z,2025-05-13T13:13:02.557Z,u8
po108,s5,COMPLETED,4549614,INR,2025-04-30T07:19:18.369Z,2026-01-16T22:05:43.656Z,2024-03-31T01:36:59.543Z,2025-07-11T13:02:02.926Z,u10
po109,s12,COMPLETED,8304714,INR,2026-02-26T04:16:24.054Z,2025-09-25T21:52:53.006Z,2025-07-28T06:12:22.842Z,2024-03-28T02:48:21.449Z,u4
po110,s23,COMPLETED,11291731,INR,2025-09-18T08:27:21.492Z,2024-10-18T10:58:59.315Z,2024-12-22T16:55:10.861Z,2026-01-15T14:47:31.915Z,u10
po111,s21,COMPLETED,9026102,INR,2025-05-06T18:43:11.396Z,2026-03-04T07:02:45.669Z,2024-11-20T23:55:59.301Z,2025-04-30T13:52:33.958Z,u2
po112,s28,COMPLETED,7454163,INR,2025-09-08T02:25:22.631Z,2026-01-17T03:26:03.797Z,2025-09-13T11:17:47.807Z,2024-06-03T19:25:08.288Z,u5
po113,s3,COMPLETED,6670206,INR,2026-01-10T07:18:15.997Z,2024-06-21T20:12:23.030Z,2024-10-24T16:13:08.482Z,2025-05-25T07:51:35.495Z,u1
po114,s30,COMPLETED,13714491,INR,2024-12-16T19:32:13.804Z,2026-02-07T04:13:36.277Z,2025-11-03T05:45:11.568Z,2024-06-18T01:44:35.179Z,u1
po115,s6,COMPLETED,1111442,INR,2024-11-10T07:44:19.746Z,2026-01-16T04:17:57.251Z,2024-07-06T03:56:01.683Z,2024-05-08T14:37:55.671Z,u6
po116,s7,COMPLETED,8356244,INR,2025-01-06T00:39:22.709Z,2024-06-11T21:37:26.954Z,2025-09-02T20:48:59.029Z,2025-09-13T18:30:00.205Z,u7
po117,s17,COMPLETED,3758850,INR,2024-11-06T02:25:41.935Z,2026-02-28T12:03:27.718Z,2026-01-01T23:58:12.909Z,2024-10-03T23:44:48.403Z,u4
po118,s20,COMPLETED,7982799,INR,2025-12-30T02:45:21.517Z,2026-02-02T12:51:49.887Z,2025-05-29T02:12:45.589Z,2025-09-05T22:06:59.241Z,u10
po119,s11,COMPLETED,62580,INR,2025-02-25T06:20:34.184Z,2024-12-26T11:02:41.823Z,2025-02-09T11:11:14.466Z,2026-02-19T06:56:53.251Z,u5
po120,s5,COMPLETED,3572489,INR,2024-06-17T12:32:23.971Z,2025-03-26T03:45:25.326Z,2025-07-06T23:10:32.564Z,2024-04-17T02:50:28.637Z,u7
po121,s20,COMPLETED,6119292,INR,2025-09-26T20:25:49.256Z,2024-09-29T23:14:41.352Z,2025-04-08T02:58:37.444Z,2024-12-11T21:24:45.706Z,u9
po122,s21,COMPLETED,6998507,INR,2025-01-02T13:53:25.788Z,2025-01-28T12:32:11.681Z,2025-12-26T21:55:43.062Z,2024-04-15T22:45:22.852Z,u10
po123,s24,COMPLETED,3813594,INR,2025-11-04T19:05:28.327Z,2025-10-11T00:57:15.746Z,2024-10-20T02:57:48.953Z,2024-06-26T12:45:37.806Z,u7
po124,s18,COMPLETED,7081374,INR,2025-01-16T15:23:44.941Z,2025-01-26T03:45:16.623Z,2024-09-15T15:01:44.155Z,2025-06-10T12:41:14.873Z,u1
po125,s28,COMPLETED,5514867,INR,2026-01-08T03:27:41.633Z,2025-11-27T12:07:12.266Z,2025-09-12T01:30:44.710Z,2024-04-06T09:49:07.123Z,u3
po126,s6,COMPLETED,700492,INR,2025-05-02T16:58:13.211Z,2025-08-12T06:54:05.831Z,2025-06-01T21:34:15.953Z,2024-09-04T04:27:04.021Z,u6
po127,s1,COMPLETED,6587320,INR,2025-04-22T18:19:49.199Z,2025-07-11T22:00:25.502Z,2025-10-05T20:37:31.618Z,2024-05-13T04:25:22.173Z,u2
po128,s28,COMPLETED,11058666,INR,2024-11-18T07:26:00.225Z,2025-03-23T04:46:51.317Z,2025-08-14T14:15:48.126Z,2025-09-03T12:23:24.225Z,u4
po129,s30,COMPLETED,13934766,INR,2025-10-09T19:52:23.759Z,2025-07-28T17:02:00.550Z,2024-09-15T11:23:06.182Z,2024-10-14T05:38:24.093Z,u7
po130,s6,COMPLETED,6992221,INR,2025-10-02T12:11:16.940Z,2025-04-14T05:30:19.339Z,2025-01-26T11:05:43.317Z,2024-07-09T09:40:15.078Z,u7
po131,s28,COMPLETED,7452667,INR,2024-09-24T01:56:14.482Z,2024-03-10T13:36:15.755Z,2025-01-13T14:26:58.180Z,2025-07-29T05:47:57.000Z,u1
po132,s16,COMPLETED,11715260,INR,2024-08-18T22:14:57.877Z,2025-02-19T21:35:42.214Z,2025-08-28T05:56:01.977Z,2024-06-09T15:06:26.185Z,u5
po133,s17,COMPLETED,6886064,INR,2025-04-22T20:51:57.992Z,2024-03-20T15:27:50.308Z,2024-10-22T09:19:07.283Z,2025-02-17T06:04:10.885Z,u7
po134,s18,COMPLETED,9448729,INR,2025-11-28T05:14:45.882Z,2024-11-25T09:56:54.528Z,2024-11-08T05:07:35.200Z,2024-03-12T08:12:19.872Z,u8
po135,s5,COMPLETED,5002179,INR,2024-07-16T14:57:22.565Z,2025-03-03T14:27:49.460Z,2024-05-04T21:29:41.347Z,2024-10-24T20:16:31.089Z,u1
po136,s29,COMPLETED,4274557,INR,2025-09-21T16:10:33.337Z,2025-05-25T15:43:52.676Z,2025-08-14T10:42:55.699Z,2025-08-28T20:00:43.490Z,u6
po137,s18,COMPLETED,153828,INR,2025-12-14T22:19:12.052Z,2025-01-04T07:00:21.904Z,2025-07-05T22:29:47.805Z,2025-04-13T07:39:14.558Z,u7
po138,s19,COMPLETED,15379449,INR,2024-03-12T08:03:24.858Z,2024-10-05T16:30:55.533Z,2025-07-08T21:25:33.596Z,2024-11-10T03:07:35.105Z,u3
po139,s3,COMPLETED,1714437,INR,2025-06-20T19:42:36.123Z,2024-11-24T12:24:23.982Z,2024-10-14T22:42:44.058Z,2025-08-19T01:51:36.701Z,u1
po140,s24,COMPLETED,4887597,INR,2026-02-07T02:34:13.870Z,2025-11-25T01:42:41.164Z,2025-07-20T00:12:46.525Z,2025-06-24T18:48:14.158Z,u10
po141,s28,COMPLETED,14649342,INR,2024-12-21T22:39:46.443Z,2025-03-05T12:47:21.668Z,2024-05-07T01:17:18.383Z,2026-02-11T00:25:32.046Z,u5
po142,s28,COMPLETED,8550166,INR,2025-05-12T12:05:06.659Z,2025-04-04T19:25:54.641Z,2026-02-14T04:22:19.920Z,2025-12-08T02:44:03.912Z,u10
po143,s14,COMPLETED,5178525,INR,2024-11-09T21:21:16.054Z,2024-06-23T09:24:33.042Z,2024-09-29T04:21:18.805Z,2025-05-15T18:44:02.123Z,u1
po144,s26,COMPLETED,1084743,INR,2025-09-02T21:23:42.290Z,2025-04-26T06:28:14.058Z,2024-11-07T04:55:40.541Z,2024-04-14T00:20:09.057Z,u7
po145,s18,COMPLETED,3481948,INR,2024-04-12T20:13:42.661Z,2024-11-18T20:57:12.471Z,2025-07-25T15:23:46.532Z,2024-12-30T03:44:15.701Z,u8
po146,s21,COMPLETED,9420893,INR,2025-06-20T00:51:13.595Z,2025-12-31T08:18:14.791Z,2024-04-24T02:37:26.367Z,2025-06-08T14:59:12.030Z,u9
po147,s23,COMPLETED,10190566,INR,2024-06-21T14:31:04.670Z,2025-12-30T07:19:10.782Z,2025-06-29T00:25:26.500Z,2026-01-22T05:43:14.867Z,u1
po148,s13,COMPLETED,1490236,INR,2026-02-25T16:50:42.935Z,2025-09-21T13:58:40.901Z,2025-04-28T04:36:37.184Z,2026-02-22T16:34:26.573Z,u10
po149,s21,COMPLETED,2819782,INR,2024-05-30T15:26:54.442Z,2024-07-14T16:39:35.926Z,2024-04-14T04:06:04.141Z,2025-06-28T03:31:41.661Z,u4
po150,s2,COMPLETED,8979613,INR,2024-09-06T22:53:52.718Z,2025-09-10T06:25:30.950Z,2024-04-18T18:26:06.958Z,2025-03-29T18:29:05.140Z,u8
po151,s12,COMPLETED,6557950,INR,2025-07-01T19:07:32.927Z,2025-08-28T18:29:46.015Z,2024-04-11T16:43:37.769Z,2025-02-08T13:46:15.797Z,u10
po152,s10,COMPLETED,1267776,INR,2024-07-22T11:00:55.138Z,2025-11-18T11:44:59.897Z,2025-06-12T09:41:28.751Z,2025-02-15T11:02:39.498Z,u1
po153,s17,COMPLETED,3503921,INR,2025-02-11T06:04:56.372Z,2025-09-14T07:43:24.814Z,2026-03-01T22:54:37.120Z,2024-07-17T00:26:04.716Z,u3
po154,s16,COMPLETED,7997932,INR,2025-04-24T08:37:47.627Z,2025-01-14T01:13:04.019Z,2024-10-19T03:14:52.297Z,2025-08-09T04:21:56.043Z,u8
po155,s3,COMPLETED,14014649,INR,2024-10-02T05:51:20.525Z,2024-11-01T00:17:05.777Z,2025-08-29T09:10:22.424Z,2025-08-13T23:02:05.293Z,u6
po156,s8,COMPLETED,15041696,INR,2024-04-27T03:04:54.289Z,2025-05-12T14:24:56.584Z,2024-05-28T07:22:51.631Z,2025-11-04T23:53:17.171Z,u8
po157,s4,COMPLETED,13704524,INR,2024-08-14T15:57:55.127Z,2024-03-14T11:09:45.521Z,2025-07-10T16:58:50.535Z,2025-04-26T23:01:27.194Z,u10
po158,s13,COMPLETED,3803517,INR,2024-04-18T06:07:10.758Z,2025-04-04T05:25:00.305Z,2024-09-29T10:06:08.830Z,2025-06-08T11:41:50.017Z,u1
po159,s17,COMPLETED,4903173,INR,2025-05-17T00:03:13.069Z,2025-03-31T01:52:36.465Z,2024-08-02T00:49:33.059Z,2024-06-13T06:34:53.474Z,u5
po160,s30,COMPLETED,1329355,INR,2025-12-23T18:45:51.258Z,2026-01-27T02:09:27.600Z,2025-12-15T18:26:26.807Z,2024-07-15T21:15:02.056Z,u3
po161,s15,COMPLETED,2682460,INR,2025-12-10T08:26:56.830Z,2025-04-25T20:34:41.752Z,2025-09-08T19:42:26.296Z,2025-09-21T16:19:20.627Z,u4
po162,s7,COMPLETED,1060362,INR,2024-07-28T03:57:11.185Z,2025-02-08T08:48:25.098Z,2025-07-31T18:14:36.190Z,2024-05-05T01:13:53.241Z,u10
po163,s2,COMPLETED,9723439,INR,2025-07-05T13:06:08.873Z,2025-12-11T00:22:02.672Z,2025-09-18T15:24:34.241Z,2026-02-16T15:42:20.264Z,u6
po164,s29,COMPLETED,4117050,INR,2025-01-30T18:00:00.072Z,2025-05-22T18:33:40.363Z,2024-05-26T00:14:41.395Z,2024-05-22T15:37:23.075Z,u6
po165,s20,COMPLETED,4769645,INR,2024-05-05T03:57:24.229Z,2025-12-31T18:57:11.953Z,2026-02-08T17:39:48.948Z,2024-08-13T21:38:09.233Z,u1
po166,s11,COMPLETED,13425952,INR,2024-11-18T05:41:01.159Z,2025-10-06T17:31:16.415Z,2025-11-12T05:40:44.024Z,2024-10-26T08:25:01.894Z,u10
po167,s27,COMPLETED,3758861,INR,2024-05-17T11:33:42.234Z,2025-03-22T11:13:58.940Z,2025-01-06T10:54:19.400Z,2024-06-01T10:43:50.321Z,u9
po168,s9,COMPLETED,6334189,INR,2026-01-13T05:16:45.781Z,2026-02-22T03:24:00.075Z,2025-04-12T02:30:20.924Z,2024-08-23T19:34:28.776Z,u8
po169,s20,COMPLETED,5759996,INR,2025-05-19T11:24:49.625Z,2025-11-18T20:44:34.356Z,2024-06-21T03:07:54.757Z,2024-07-10T18:26:30.022Z,u7
po170,s24,COMPLETED,5104542,INR,2024-12-07T08:03:59.260Z,2024-09-04T01:31:08.217Z,2025-05-16T11:11:06.769Z,2025-06-30T22:27:10.877Z,u5
po171,s10,COMPLETED,7914540,INR,2024-10-29T12:00:45.399Z,2025-07-27T09:40:22.682Z,2025-10-27T02:25:16.626Z,2024-08-27T06:53:24.947Z,u4
po172,s24,COMPLETED,1674116,INR,2025-03-10T19:10:25.266Z,2025-09-01T09:28:02.261Z,2024-04-29T18:50:42.786Z,2025-12-16T14:22:38.461Z,u7
po173,s21,COMPLETED,10370956,INR,2025-12-07T09:21:26.933Z,2026-01-10T05:26:16.276Z,2024-08-05T08:39:11.502Z,2024-05-13T18:05:21.963Z,u1
po174,s10,COMPLETED,3432967,INR,2025-03-19T11:47:17.674Z,2024-11-20T02:46:46.975Z,2024-07-06T01:12:46.175Z,2024-05-05T06:02:52.371Z,u1
po175,s19,COMPLETED,16034866,INR,2024-05-28T10:20:28.020Z,2025-11-14T11:22:06.995Z,2024-10-25T11:29:01.793Z,2024-04-09T19:57:38.162Z,u8
po176,s17,COMPLETED,2566666,INR,2025-01-24T17:33:55.385Z,2025-02-24T08:28:01.245Z,2025-03-06T10:53:20.229Z,2025-04-08T08:30:21.938Z,u8
po177,s13,COMPLETED,3691219,INR,2024-04-09T22:33:28.292Z,2024-10-06T05:57:34.265Z,2024-05-20T06:17:47.989Z,2024-04-28T08:06:28.393Z,u2
po178,s13,COMPLETED,16165743,INR,2024-07-12T17:34:11.460Z,2024-10-21T12:46:08.778Z,2025-08-01T18:10:10.606Z,2025-07-15T12:09:48.209Z,u5
po179,s19,COMPLETED,5873394,INR,2025-10-13T05:56:43.108Z,2026-01-27T20:38:27.250Z,2025-11-27T07:21:48.171Z,2025-04-25T16:45:21.920Z,u4
po180,s26,COMPLETED,6575851,INR,2025-02-18T00:43:58.217Z,2025-07-03T10:34:43.520Z,2025-03-23T02:18:35.675Z,2026-01-29T11:09:17.858Z,u9
po181,s7,COMPLETED,12011426,INR,2025-06-26T07:59:42.043Z,2025-05-23T07:02:05.656Z,2024-06-01T03:34:22.468Z,2024-04-26T00:20:25.523Z,u9
po182,s19,COMPLETED,1555060,INR,2024-11-23T07:30:13.391Z,2025-07-21T08:01:40.690Z,2024-12-26T04:04:02.703Z,2025-12-29T17:20:21.203Z,u1
po183,s18,COMPLETED,8110084,INR,2024-10-01T12:32:05.510Z,2024-06-09T07:28:51.236Z,2025-06-13T10:46:57.963Z,2025-08-03T15:54:44.086Z,u4
po184,s13,COMPLETED,4878693,INR,2025-07-07T00:28:25.244Z,2024-03-21T11:57:35.463Z,2025-04-13T21:27:52.809Z,2024-05-24T16:45:48.079Z,u3
po185,s11,COMPLETED,1404609,INR,2025-01-23T07:03:59.919Z,2024-09-27T01:02:35.503Z,2025-09-09T18:03:38.205Z,2024-07-25T10:07:33.334Z,u5
po186,s12,COMPLETED,1481287,INR,2024-10-14T13:56:06.898Z,2026-02-24T15:03:58.517Z,2025-04-26T05:00:47.641Z,2025-05-20T07:23:05.216Z,u7
po187,s10,COMPLETED,7848125,INR,2024-12-06T05:24:26.335Z,2025-03-03T13:52:25.322Z,2024-03-28T05:53:40.802Z,2025-08-20T22:19:40.023Z,u10
po188,s26,COMPLETED,11155206,INR,2024-04-14T07:11:20.820Z,2025-01-18T04:05:32.546Z,2025-08-19T03:04:34.042Z,2025-07-12T10:01:52.952Z,u4
po189,s30,COMPLETED,12561453,INR,2024-06-26T11:10:45.905Z,2025-02-15T12:36:58.105Z,2025-06-01T22:05:34.931Z,2025-02-28T21:47:58.898Z,u8
po190,s18,COMPLETED,4216169,INR,2025-02-11T16:52:18.087Z,2024-12-20T16:14:56.640Z,2025-07-21T03:54:07.932Z,2025-05-07T12:25:59.652Z,u5
po191,s3,COMPLETED,6465868,INR,2026-02-18T09:55:20.344Z,2025-01-16T00:02:15.995Z,2025-09-21T12:25:39.329Z,2024-03-26T12:58:41.689Z,u4
po192,s27,COMPLETED,981381,INR,2025-06-19T19:58:56.263Z,2025-07-17T05:45:33.549Z,2025-10-02T21:00:02.797Z,2025-02-14T05:46:29.885Z,u2
po193,s3,COMPLETED,14172465,INR,2026-02-08T17:32:30.627Z,2025-02-05T11:47:02.206Z,2025-09-19T14:53:57.071Z,2025-12-28T04:11:54.889Z,u7
po194,s14,COMPLETED,317753,INR,2025-06-14T17:17:40.050Z,2024-08-24T03:22:23.851Z,2025-09-07T03:58:46.360Z,2024-06-17T11:04:45.148Z,u2
po195,s8,COMPLETED,10022696,INR,2025-03-02T04:58:21.832Z,2024-06-04T17:48:25.365Z,2024-06-03T05:46:27.736Z,2025-11-18T20:46:04.945Z,u4
po196,s21,COMPLETED,11518036,INR,2025-08-24T00:11:57.282Z,2024-03-09T12:58:06.243Z,2025-12-04T05:56:26.736Z,2025-02-26T17:27:06.374Z,u5
po197,s13,COMPLETED,5897014,INR,2024-08-18T02:00:23.419Z,2024-12-05T08:12:53.213Z,2024-03-27T05:08:55.348Z,2024-05-02T06:25:59.775Z,u6
po198,s13,COMPLETED,864072,INR,2025-01-04T12:46:58.672Z,2024-07-05T02:30:59.734Z,2026-01-23T21:02:31.208Z,2024-12-12T12:28:47.471Z,u2
po199,s7,COMPLETED,3624782,INR,2024-11-02T05:45:00.321Z,2024-10-05T20:53:48.303Z,2025-03-01T17:13:39.035Z,2025-08-19T04:07:10.966Z,u9
po200,s7,COMPLETED,3964178,INR,2024-12-16T14:13:49.608Z,2025-05-20T23:23:34.559Z,2025-08-08T22:26:31.165Z,2025-12-18T04:18:55.466Z,u10
po201,s30,COMPLETED,18851055,INR,2024-11-24T15:16:28.873Z,2025-03-06T18:48:30.378Z,2024-11-22T01:40:53.948Z,2026-01-19T10:43:47.090Z,u2
po202,s12,COMPLETED,5107283,INR,2024-09-04T14:18:37.176Z,2025-03-30T15:01:40.722Z,2025-09-10T18:13:36.342Z,2025-07-17T03:58:13.053Z,u7
po203,s22,COMPLETED,1071425,INR,2025-07-29T10:10:10.985Z,2024-04-03T14:11:10.105Z,2024-03-12T22:08:34.925Z,2024-06-30T18:23:13.269Z,u5
po204,s30,COMPLETED,7903137,INR,2026-01-10T01:48:16.388Z,2025-08-04T13:06:29.694Z,2024-09-10T00:36:45.294Z,2024-12-21T03:04:00.569Z,u10
po205,s12,COMPLETED,12428294,INR,2025-08-14T01:02:02.207Z,2024-11-22T21:19:54.352Z,2025-03-17T06:13:09.245Z,2024-07-23T07:51:54.632Z,u5
po206,s8,COMPLETED,1302480,INR,2025-09-27T16:48:24.869Z,2025-04-12T10:34:31.474Z,2026-02-21T02:06:27.611Z,2025-10-27T16:36:05.667Z,u2
po207,s1,COMPLETED,13386141,INR,2026-02-12T23:41:02.705Z,2024-11-07T20:47:19.214Z,2024-07-18T21:18:20.428Z,2024-08-30T04:53:25.443Z,u10
po208,s14,COMPLETED,17146007,INR,2025-06-25T17:28:06.826Z,2025-05-04T20:05:03.850Z,2025-01-21T03:41:44.900Z,2024-03-20T23:21:11.281Z,u2
po209,s3,COMPLETED,320540,INR,2025-10-27T03:35:25.522Z,2025-12-16T11:56:49.870Z,2025-10-20T14:34:01.539Z,2025-03-01T20:39:39.134Z,u9
po210,s11,COMPLETED,14510910,INR,2026-01-13T16:04:59.436Z,2025-04-28T22:04:38.071Z,2025-08-28T00:19:34.719Z,2024-10-17T23:32:36.485Z,u4
po211,s7,COMPLETED,5662702,INR,2024-09-30T13:22:38.779Z,2025-09-04T13:55:53.539Z,2026-02-17T23:22:44.284Z,2024-09-28T16:12:09.407Z,u10
po212,s12,COMPLETED,2562066,INR,2025-05-05T23:01:11.164Z,2024-10-12T11:56:44.821Z,2025-05-30T09:33:01.186Z,2025-01-29T01:49:28.244Z,u8
po213,s6,COMPLETED,6789524,INR,2024-12-15T09:48:17.381Z,2025-08-20T16:14:32.506Z,2025-04-07T04:50:05.969Z,2025-12-13T17:38:31.776Z,u9
po214,s27,COMPLETED,317820,INR,2025-07-20T11:25:00.498Z,2025-04-02T00:07:45.556Z,2024-05-12T23:08:17.598Z,2025-01-08T19:48:12.275Z,u6
po215,s5,COMPLETED,11518696,INR,2025-04-24T21:16:22.039Z,2024-10-24T07:12:21.478Z,2024-05-11T16:08:38.396Z,2025-01-27T07:47:45.882Z,u4
po216,s17,COMPLETED,2567500,INR,2024-05-22T16:49:02.729Z,2025-06-21T01:56:27.875Z,2025-02-23T02:02:11.377Z,2025-12-06T01:23:13.078Z,u1
po217,s3,COMPLETED,4314733,INR,2024-12-26T15:13:56.840Z,2024-05-09T09:45:33.482Z,2024-11-16T15:02:55.550Z,2025-12-27T08:27:17.535Z,u9
po218,s20,COMPLETED,7943676,INR,2024-04-08T02:12:31.318Z,2024-08-03T05:54:42.433Z,2025-10-16T17:53:12.756Z,2024-12-29T15:27:05.048Z,u4
po219,s5,COMPLETED,7494736,INR,2025-12-01T01:29:21.502Z,2024-08-04T22:07:05.645Z,2025-07-31T23:52:00.466Z,2025-06-25T05:33:39.173Z,u3
po220,s27,COMPLETED,2784075,INR,2024-06-25T11:22:12.739Z,2024-06-03T12:31:54.729Z,2024-05-01T13:43:52.882Z,2024-06-07T12:39:04.935Z,u9
po221,s20,COMPLETED,10895984,INR,2024-03-26T04:02:29.427Z,2024-07-18T18:33:23.573Z,2024-11-29T10:11:10.151Z,2025-11-10T07:20:31.120Z,u10
po222,s30,COMPLETED,16756397,INR,2024-06-05T10:30:33.590Z,2025-01-23T11:29:36.053Z,2026-01-30T23:06:00.311Z,2024-11-06T07:11:27.046Z,u4
po223,s6,COMPLETED,4717230,INR,2025-05-22T01:28:11.878Z,2025-01-01T22:15:04.457Z,2024-11-28T11:06:21.011Z,2024-10-23T02:32:29.505Z,u3
po224,s9,COMPLETED,4238808,INR,2026-02-01T18:15:15.758Z,2024-08-24T15:27:11.153Z,2025-05-18T06:47:58.106Z,2024-04-07T08:26:35.048Z,u7
po225,s27,COMPLETED,2490775,INR,2024-04-13T14:14:20.619Z,2024-03-22T10:32:28.747Z,2025-03-09T17:47:00.397Z,2024-08-29T00:19:03.123Z,u5
po226,s8,COMPLETED,1789003,INR,2025-08-18T15:44:59.658Z,2024-06-18T10:57:07.054Z,2024-12-10T20:13:42.021Z,2024-07-26T17:25:48.406Z,u8
po227,s6,COMPLETED,13205767,INR,2025-10-13T01:42:57.164Z,2025-09-08T19:21:25.331Z,2025-04-05T12:30:08.313Z,2025-04-24T02:00:59.068Z,u3
po228,s8,COMPLETED,12559589,INR,2024-08-13T20:25:47.106Z,2025-07-03T00:56:24.958Z,2025-05-16T02:12:05.936Z,2026-01-10T10:48:29.757Z,u9
po229,s5,COMPLETED,2916639,INR,2025-10-01T13:59:45.753Z,2025-05-22T19:01:34.063Z,2025-02-14T10:24:00.475Z,2026-03-06T21:48:52.846Z,u7
po230,s29,COMPLETED,13507408,INR,2024-06-08T19:02:52.276Z,2025-01-29T15:30:59.486Z,2024-12-01T00:47:52.089Z,2025-02-06T04:04:19.740Z,u7
po231,s26,COMPLETED,2792987,INR,2024-10-29T06:39:23.441Z,2025-11-12T13:55:56.118Z,2025-05-09T08:04:06.396Z,2024-09-02T04:06:29.407Z,u6
po232,s21,COMPLETED,3134947,INR,2024-10-02T19:50:58.471Z,2024-12-15T12:13:44.443Z,2025-01-12T02:50:47.648Z,2024-12-06T16:13:40.530Z,u8
po233,s1,COMPLETED,2125415,INR,2025-12-07T21:14:31.367Z,2025-03-04T15:43:11.630Z,2025-02-18T21:45:37.332Z,2024-03-27T09:15:45.292Z,u4
po234,s9,COMPLETED,14152183,INR,2025-11-24T13:15:02.137Z,2025-02-27T06:05:46.394Z,2025-09-30T05:22:09.632Z,2025-05-24T16:37:06.247Z,u2
po235,s18,COMPLETED,2426144,INR,2024-11-19T19:57:16.510Z,2024-05-10T12:13:23.123Z,2024-03-13T13:04:58.973Z,2025-01-19T11:57:31.947Z,u5
po236,s4,COMPLETED,2239300,INR,2025-01-16T12:29:47.255Z,2025-01-22T10:15:07.395Z,2024-08-02T20:10:22.177Z,2025-11-18T12:37:58.427Z,u8
po237,s14,COMPLETED,1423734,INR,2025-01-21T15:01:30.851Z,2025-11-24T12:32:37.571Z,2025-06-20T13:56:10.015Z,2025-12-22T08:03:27.039Z,u10
po238,s3,COMPLETED,6957576,INR,2025-05-07T20:11:09.630Z,2025-02-26T08:36:19.930Z,2025-12-15T18:43:41.759Z,2026-01-14T07:31:32.850Z,u1
po239,s5,COMPLETED,1471272,INR,2025-01-09T20:02:47.689Z,2025-06-19T11:19:29.494Z,2025-08-10T22:26:16.605Z,2025-06-11T11:19:11.827Z,u8
po240,s30,COMPLETED,4088624,INR,2025-09-10T23:51:36.954Z,2024-12-25T16:56:20.661Z,2024-03-31T04:49:47.701Z,2025-03-17T15:05:28.746Z,u2
po241,s26,COMPLETED,3344267,INR,2024-06-30T08:52:48.178Z,2024-12-21T06:13:25.890Z,2025-06-11T22:11:03.974Z,2025-05-05T01:57:37.060Z,u10
po242,s25,COMPLETED,2278090,INR,2024-12-29T05:43:37.372Z,2025-09-18T04:14:59.262Z,2024-11-27T00:38:45.806Z,2025-04-13T19:41:10.186Z,u2
po243,s4,COMPLETED,7524423,INR,2025-11-01T18:49:44.007Z,2024-05-17T23:11:47.906Z,2024-10-06T15:13:29.725Z,2025-05-09T08:13:40.533Z,u10
po244,s11,COMPLETED,13202498,INR,2025-03-01T02:42:37.474Z,2024-11-24T14:24:28.516Z,2024-10-13T17:43:34.841Z,2025-05-22T01:39:25.043Z,u5
po245,s10,COMPLETED,11562658,INR,2025-03-25T09:08:20.252Z,2024-09-08T06:18:43.211Z,2025-05-13T11:05:37.383Z,2024-05-20T20:51:49.110Z,u3
po246,s24,COMPLETED,10611205,INR,2025-07-20T05:31:03.686Z,2024-04-24T18:29:27.346Z,2025-03-21T15:18:37.315Z,2025-03-11T03:18:32.752Z,u8
po247,s2,COMPLETED,11694103,INR,2024-08-01T20:28:47.305Z,2024-12-23T06:08:47.204Z,2025-10-21T10:31:51.939Z,2025-03-24T22:45:02.616Z,u6
po248,s6,COMPLETED,10369518,INR,2024-08-14T11:41:35.670Z,2024-04-27T22:33:28.093Z,2025-06-21T04:09:07.919Z,2025-09-09T15:15:46.608Z,u1
po249,s18,COMPLETED,8707448,INR,2025-12-27T16:39:21.251Z,2025-05-07T12:47:10.752Z,2025-04-08T16:20:32.705Z,2024-04-27T11:08:57.607Z,u4
po250,s28,COMPLETED,12144256,INR,2026-01-22T20:44:59.207Z,2024-04-21T15:33:24.669Z,2025-05-12T23:26:55.274Z,2024-05-03T19:29:41.818Z,u2
po251,s30,COMPLETED,2552165,INR,2025-01-02T10:58:02.419Z,2024-04-16T03:59:04.342Z,2025-05-04T05:41:38.629Z,2024-11-21T07:55:31.211Z,u6
po252,s20,COMPLETED,3282933,INR,2024-04-17T16:05:52.258Z,2025-12-20T15:49:45.640Z,2025-07-08T12:27:17.184Z,2025-07-20T11:23:31.610Z,u1
po253,s5,COMPLETED,10342056,INR,2024-10-23T04:01:49.165Z,2026-03-04T13:00:24.052Z,2025-06-12T12:31:15.336Z,2025-01-13T12:36:20.825Z,u9
po254,s18,COMPLETED,8141979,INR,2025-04-18T21:21:08.696Z,2025-02-25T02:25:03.780Z,2024-09-21T15:49:15.743Z,2024-07-09T17:45:11.382Z,u7
po255,s27,COMPLETED,283986,INR,2024-10-20T00:13:04.456Z,2025-10-09T21:49:23.100Z,2025-01-11T19:39:58.060Z,2025-11-20T22:39:50.841Z,u4
po256,s3,COMPLETED,3990498,INR,2025-07-20T03:00:57.787Z,2025-05-02T06:03:49.324Z,2026-03-02T16:45:03.960Z,2024-08-29T00:52:38.398Z,u2
po257,s19,COMPLETED,8391665,INR,2025-09-20T08:57:10.522Z,2026-02-02T18:15:39.091Z,2025-09-08T03:24:26.346Z,2025-05-10T06:19:57.365Z,u10
po258,s19,COMPLETED,8066466,INR,2025-05-11T20:10:03.260Z,2025-09-27T04:25:53.387Z,2026-01-30T09:49:57.510Z,2025-06-12T01:57:56.357Z,u6
po259,s22,COMPLETED,1758735,INR,2025-07-13T13:30:29.589Z,2025-10-23T11:47:15.814Z,2025-09-22T15:50:16.621Z,2024-05-02T10:24:39.614Z,u6
po260,s16,COMPLETED,1836440,INR,2024-09-09T20:27:08.844Z,2024-06-09T19:22:21.979Z,2025-11-17T03:48:24.596Z,2024-07-28T20:46:00.805Z,u7
po261,s6,COMPLETED,718092,INR,2024-10-28T09:11:04.824Z,2025-12-13T07:44:27.687Z,2025-12-11T12:14:42.829Z,2025-03-24T16:55:26.642Z,u3
po262,s13,COMPLETED,2835194,INR,2025-05-29T13:56:05.317Z,2025-07-29T19:55:52.068Z,2025-01-06T01:16:26.228Z,2025-11-07T05:21:57.693Z,u1
po263,s2,COMPLETED,14075501,INR,2025-12-22T07:00:27.077Z,2025-09-07T03:53:43.618Z,2025-07-29T02:58:29.636Z,2025-07-21T08:57:19.012Z,u8
po264,s1,COMPLETED,6262053,INR,2025-07-28T20:35:14.973Z,2025-07-14T00:36:05.413Z,2025-11-29T08:50:56.008Z,2024-03-23T07:52:31.741Z,u3
po265,s19,COMPLETED,1577180,INR,2024-07-11T15:15:27.709Z,2025-08-17T07:24:15.444Z,2026-02-04T16:02:08.256Z,2026-01-08T18:21:35.694Z,u1
po266,s28,COMPLETED,3988680,INR,2025-05-28T07:57:25.674Z,2025-12-05T03:20:38.377Z,2026-03-01T19:48:31.141Z,2024-10-13T13:13:19.849Z,u8
po267,s23,COMPLETED,161230,INR,2024-07-13T08:09:44.790Z,2026-02-26T07:59:21.118Z,2025-07-09T16:05:22.098Z,2025-09-23T05:50:12.043Z,u3
po268,s8,COMPLETED,10998195,INR,2024-12-17T20:24:36.665Z,2024-08-21T14:31:34.130Z,2024-05-29T01:40:39.861Z,2025-11-18T04:36:31.684Z,u3
po269,s1,COMPLETED,5813526,INR,2025-05-09T14:41:41.878Z,2025-03-28T13:18:33.013Z,2025-07-07T06:48:18.058Z,2024-04-29T21:27:20.071Z,u5
po270,s6,COMPLETED,11946391,INR,2025-11-17T06:57:04.543Z,2025-07-21T06:49:37.638Z,2025-08-13T04:24:38.245Z,2025-05-09T03:12:13.648Z,u9
po271,s20,COMPLETED,2260003,INR,2025-10-30T08:53:23.442Z,2025-01-16T02:54:40.325Z,2024-11-24T02:48:49.770Z,2026-02-23T23:45:45.344Z,u8
po272,s8,COMPLETED,4137020,INR,2026-01-22T07:50:49.011Z,2025-07-13T07:48:22.010Z,2025-02-04T13:19:46.356Z,2025-08-20T13:06:34.584Z,u8
po273,s6,COMPLETED,2447310,INR,2024-11-12T21:55:14.997Z,2026-02-07T11:03:02.807Z,2025-05-25T20:32:15.859Z,2024-11-09T20:32:42.985Z,u8
po274,s15,COMPLETED,891219,INR,2024-12-21T23:58:42.251Z,2025-01-07T21:49:20.678Z,2025-06-27T10:58:14.308Z,2025-08-06T00:36:32.492Z,u6
po275,s20,COMPLETED,6097405,INR,2025-12-27T16:01:08.829Z,2024-05-28T01:59:39.044Z,2025-01-29T22:38:01.376Z,2025-08-07T15:22:23.429Z,u10
po276,s7,COMPLETED,8879691,INR,2024-10-31T12:40:28.037Z,2024-05-13T13:38:00.301Z,2026-02-12T03:24:46.069Z,2024-06-24T12:06:35.082Z,u7
po277,s9,COMPLETED,8208604,INR,2024-07-16T12:58:48.357Z,2025-05-20T16:40:03.248Z,2024-05-13T04:03:24.333Z,2024-07-31T12:40:31.316Z,u6
po278,s22,COMPLETED,11917197,INR,2025-01-06T23:15:05.303Z,2025-02-04T09:30:33.326Z,2024-09-10T22:29:58.079Z,2024-07-18T01:49:45.343Z,u8
po279,s16,COMPLETED,4415700,INR,2025-01-02T14:22:48.322Z,2025-01-02T17:40:28.083Z,2024-06-28T15:45:29.687Z,2025-08-27T11:49:34.293Z,u10
po280,s14,COMPLETED,2980884,INR,2025-05-11T06:54:14.738Z,2024-11-03T13:35:29.140Z,2025-06-08T02:51:16.038Z,2024-09-23T04:15:39.986Z,u1
po281,s4,COMPLETED,6773979,INR,2024-11-10T06:26:39.915Z,2025-10-22T16:11:02.625Z,2024-12-14T12:09:40.363Z,2024-03-10T01:40:00.271Z,u7
po282,s29,COMPLETED,552328,INR,2025-07-01T19:44:17.006Z,2024-07-20T00:49:40.692Z,2024-09-26T21:35:07.223Z,2025-06-30T14:27:28.623Z,u5
po283,s6,COMPLETED,7455874,INR,2024-09-01T07:05:54.999Z,2024-05-09T08:56:17.839Z,2025-03-30T14:32:35.905Z,2024-06-18T05:44:55.477Z,u10
po284,s1,COMPLETED,15447128,INR,2025-10-12T08:33:24.316Z,2025-05-27T05:07:24.686Z,2024-10-06T14:07:14.117Z,2024-07-02T08:28:48.547Z,u7
po285,s10,COMPLETED,11114230,INR,2025-10-03T02:39:34.782Z,2024-06-10T18:02:49.251Z,2024-10-24T23:56:18.177Z,2025-08-04T16:38:58.100Z,u10
po286,s23,COMPLETED,13041670,INR,2024-10-04T03:53:47.326Z,2025-01-25T16:38:40.712Z,2025-07-18T19:04:22.657Z,2025-12-04T21:38:35.929Z,u10
po287,s21,COMPLETED,7554826,INR,2024-10-24T18:57:05.745Z,2024-08-19T01:40:28.829Z,2024-10-30T13:40:45.542Z,2026-01-20T21:24:19.485Z,u7
po288,s10,COMPLETED,13124061,INR,2025-03-06T21:35:40.364Z,2025-04-06T02:27:36.593Z,2024-03-22T20:28:32.879Z,2024-12-20T08:07:52.250Z,u9
po289,s7,COMPLETED,8198112,INR,2024-11-19T18:45:54.093Z,2024-10-19T09:57:58.588Z,2026-01-26T16:21:01.972Z,2025-07-31T03:24:22.340Z,u4
po290,s24,COMPLETED,5026427,INR,2024-07-14T15:17:02.657Z,2025-08-13T11:37:42.680Z,2024-07-31T23:36:28.297Z,2025-04-09T12:17:11.391Z,u3
po291,s5,COMPLETED,7568305,INR,2024-10-01T00:45:02.108Z,2025-08-04T18:35:38.621Z,2024-04-07T08:02:47.220Z,2025-01-14T06:06:11.755Z,u7
po292,s29,COMPLETED,990489,INR,2024-03-14T08:49:51.993Z,2025-06-20T08:46:39.533Z,2025-01-10T15:59:18.780Z,2025-07-14T14:30:41.042Z,u4
po293,s19,COMPLETED,488501,INR,2025-05-07T06:21:23.322Z,2025-11-18T22:01:33.071Z,2025-12-24T16:37:51.690Z,2025-02-06T02:36:32.379Z,u6
po294,s29,COMPLETED,5809540,INR,2025-01-11T13:48:57.715Z,2025-08-22T03:01:51.038Z,2026-03-02T02:24:33.220Z,2024-06-21T16:23:40.225Z,u4
po295,s24,COMPLETED,2906474,INR,2024-07-06T16:29:06.351Z,2025-01-20T06:20:32.436Z,2024-08-03T12:05:53.515Z,2025-07-22T07:37:28.919Z,u2
po296,s10,COMPLETED,12709803,INR,2024-05-11T22:40:24.162Z,2025-05-02T17:56:58.140Z,2024-03-11T19:49:47.003Z,2024-03-24T03:23:25.579Z,u8
po297,s2,COMPLETED,5752567,INR,2025-11-15T04:26:58.457Z,2024-06-16T19:05:53.369Z,2024-09-07T12:35:37.840Z,2025-05-15T17:26:03.532Z,u7
po298,s4,COMPLETED,7660105,INR,2025-07-12T11:19:25.116Z,2025-09-02T21:30:03.178Z,2024-08-06T02:37:34.859Z,2026-01-06T13:44:40.165Z,u1
po299,s20,COMPLETED,1711458,INR,2025-01-03T23:09:21.442Z,2025-08-01T09:14:00.444Z,2024-12-24T11:22:47.854Z,2024-10-02T17:39:26.951Z,u10
po300,s13,COMPLETED,11894327,INR,2026-02-14T16:50:06.071Z,2024-07-31T12:26:36.249Z,2025-06-26T23:22:22.490Z,2026-02-06T02:39:09.120Z,u1
po301,s5,COMPLETED,569481,INR,2024-11-03T17:08:42.130Z,2025-11-04T04:29:08.874Z,2025-07-14T12:19:23.920Z,2024-06-03T05:19:04.476Z,u6
po302,s10,COMPLETED,4046616,INR,2024-08-22T06:07:48.770Z,2025-05-07T05:31:40.206Z,2025-12-13T18:05:46.608Z,2025-10-14T03:47:44.428Z,u9
po303,s29,COMPLETED,4709274,INR,2025-02-06T11:13:59.964Z,2024-05-25T23:24:16.562Z,2025-02-06T12:59:17.433Z,2024-06-07T04:24:04.499Z,u10
po304,s12,COMPLETED,181885,INR,2025-08-14T11:13:38.152Z,2025-11-27T10:41:49.131Z,2025-04-29T08:49:52.234Z,2024-11-05T22:13:25.149Z,u4
po305,s2,COMPLETED,6895206,INR,2024-07-20T01:32:05.648Z,2025-04-04T02:55:14.530Z,2024-03-27T05:41:55.497Z,2024-09-15T07:06:17.239Z,u6
po306,s8,COMPLETED,10957657,INR,2024-12-29T15:30:14.458Z,2025-07-20T06:24:55.694Z,2024-09-13T16:31:29.364Z,2025-04-27T15:16:56.864Z,u5
po307,s22,COMPLETED,3591723,INR,2024-06-03T02:32:38.501Z,2024-05-16T07:25:59.796Z,2024-05-29T20:36:53.407Z,2024-06-29T06:03:10.959Z,u10
po308,s10,COMPLETED,8490904,INR,2025-04-12T21:03:36.533Z,2025-12-28T23:25:53.280Z,2025-07-09T22:15:11.849Z,2024-05-22T19:08:51.973Z,u1
po309,s9,COMPLETED,10190048,INR,2024-05-09T13:09:57.899Z,2025-02-05T16:33:36.392Z,2024-10-25T23:45:37.471Z,2024-05-01T21:25:18.343Z,u3
po310,s23,COMPLETED,1884296,INR,2024-06-15T15:43:51.405Z,2024-04-07T15:37:27.770Z,2025-05-02T19:36:18.465Z,2025-03-03T05:34:23.257Z,u10
po311,s13,COMPLETED,6472057,INR,2025-05-30T05:19:45.069Z,2025-10-08T09:20:54.654Z,2024-11-05T11:10:41.563Z,2024-03-31T22:02:57.655Z,u1
po312,s9,COMPLETED,14584601,INR,2025-03-15T12:23:17.682Z,2025-06-11T03:48:31.375Z,2025-07-17T10:05:35.695Z,2025-08-05T10:31:42.402Z,u8
po313,s26,COMPLETED,761400,INR,2025-12-05T09:12:53.995Z,2026-03-06T02:11:37.535Z,2025-06-30T11:23:16.557Z,2025-08-21T17:21:10.697Z,u1
po314,s5,COMPLETED,5381148,INR,2025-08-11T16:43:31.113Z,2024-10-05T22:23:17.233Z,2025-11-09T01:05:45.172Z,2025-02-21T02:22:11.440Z,u6
po315,s30,COMPLETED,9377768,INR,2024-11-23T23:48:15.274Z,2024-07-02T22:39:41.842Z,2024-08-01T16:25:45.139Z,2025-12-06T10:25:22.389Z,u7
po316,s30,COMPLETED,4696919,INR,2024-03-13T14:12:39.795Z,2024-04-30T10:43:02.577Z,2025-06-18T13:42:11.532Z,2025-12-24T17:13:07.737Z,u10
po317,s23,COMPLETED,6065376,INR,2024-03-17T03:08:27.616Z,2024-09-04T09:55:27.921Z,2025-09-15T07:16:11.288Z,2025-05-20T01:22:25.391Z,u1
po318,s2,COMPLETED,4048407,INR,2024-05-25T22:49:05.444Z,2024-10-19T05:05:27.699Z,2025-09-03T12:50:38.204Z,2026-02-24T03:27:57.421Z,u7
po319,s26,COMPLETED,1920147,INR,2025-09-27T13:43:38.690Z,2025-07-25T21:38:30.526Z,2026-01-07T05:44:12.699Z,2026-02-02T00:36:32.325Z,u8
po320,s24,COMPLETED,5550376,INR,2025-01-07T02:14:09.086Z,2026-01-12T15:59:24.557Z,2025-03-22T07:00:34.445Z,2025-05-28T18:50:31.967Z,u9
po321,s13,COMPLETED,10347045,INR,2025-04-07T08:27:43.573Z,2025-02-19T17:37:12.824Z,2026-02-14T11:03:18.816Z,2024-04-16T07:48:52.165Z,u1
po322,s7,COMPLETED,1597898,INR,2024-03-27T16:01:02.162Z,2024-07-18T02:41:09.645Z,2025-03-12T06:15:09.638Z,2025-08-11T02:39:51.326Z,u5
po323,s29,COMPLETED,3649654,INR,2024-09-03T19:48:41.592Z,2024-09-10T21:04:37.640Z,2025-05-07T04:01:02.360Z,2025-12-05T04:43:24.209Z,u10
po324,s3,COMPLETED,13281870,INR,2025-12-16T06:30:02.045Z,2026-02-14T09:24:41.800Z,2024-07-07T08:25:10.656Z,2024-09-27T23:54:24.823Z,u1
po325,s14,COMPLETED,10352580,INR,2025-10-01T23:19:06.718Z,2025-09-26T01:23:06.961Z,2024-06-11T18:20:22.840Z,2025-03-12T04:34:00.546Z,u4
po326,s11,COMPLETED,3383831,INR,2024-10-29T11:54:59.714Z,2025-07-15T14:12:15.016Z,2025-11-16T17:21:31.233Z,2024-07-02T07:19:16.591Z,u9
po327,s29,COMPLETED,4921666,INR,2025-10-26T12:57:47.518Z,2024-06-23T23:32:48.431Z,2025-07-16T15:24:56.653Z,2025-01-09T06:09:58.266Z,u7
po328,s12,COMPLETED,4499159,INR,2025-05-04T22:42:15.812Z,2024-07-07T08:13:47.825Z,2024-03-21T23:14:30.672Z,2024-05-26T18:20:16.523Z,u7
po329,s18,COMPLETED,1822986,INR,2024-06-13T03:04:41.750Z,2024-05-13T16:46:29.333Z,2024-08-05T07:20:41.914Z,2025-03-07T13:45:27.050Z,u5
po330,s3,COMPLETED,10719312,INR,2025-07-21T13:05:11.285Z,2024-04-08T19:00:55.094Z,2024-08-24T00:26:29.545Z,2025-01-30T23:13:02.467Z,u7
po331,s29,COMPLETED,1886224,INR,2026-02-17T09:41:28.808Z,2026-01-16T15:20:14.769Z,2024-08-14T11:59:01.349Z,2025-02-20T20:35:34.112Z,u9
po332,s26,COMPLETED,5332854,INR,2024-11-01T09:38:51.089Z,2026-02-13T06:55:44.864Z,2025-12-11T23:17:36.505Z,2025-11-24T08:58:52.684Z,u7
po333,s11,COMPLETED,8749289,INR,2025-06-30T23:37:52.071Z,2025-09-07T22:13:47.634Z,2024-08-07T02:44:49.803Z,2025-12-27T20:38:31.103Z,u6
po334,s21,COMPLETED,14957920,INR,2025-04-20T05:06:36.047Z,2025-12-17T17:49:14.322Z,2025-04-07T00:40:17.697Z,2024-08-26T06:25:43.422Z,u1
po335,s26,COMPLETED,886464,INR,2024-04-24T15:37:33.746Z,2024-08-18T04:19:55.360Z,2025-12-16T22:48:03.671Z,2025-09-27T22:47:26.448Z,u5
po336,s20,COMPLETED,9758370,INR,2025-12-18T21:46:00.266Z,2024-12-27T22:48:56.142Z,2024-03-29T22:26:35.691Z,2024-07-02T19:12:14.753Z,u3
po337,s3,COMPLETED,12955777,INR,2025-04-20T12:07:51.649Z,2024-07-23T20:37:26.779Z,2025-07-26T07:17:19.044Z,2025-12-15T14:53:30.605Z,u8
po338,s3,COMPLETED,8158170,INR,2025-03-07T04:22:58.163Z,2025-10-24T21:42:47.123Z,2024-11-03T06:41:39.127Z,2026-01-16T19:41:31.722Z,u9
po339,s28,COMPLETED,6516444,INR,2025-01-18T14:54:14.447Z,2025-04-03T12:00:22.975Z,2024-07-13T13:43:11.752Z,2025-08-29T22:02:40.751Z,u10
po340,s8,COMPLETED,7295329,INR,2024-09-25T22:24:55.824Z,2024-03-21T11:05:50.948Z,2024-07-04T20:36:06.364Z,2024-07-01T00:32:33.980Z,u7
po341,s25,COMPLETED,4270136,INR,2025-01-10T07:28:28.590Z,2026-02-09T01:19:46.252Z,2025-04-30T12:51:39.560Z,2025-12-23T04:45:13.489Z,u5
po342,s4,COMPLETED,5952192,INR,2024-07-27T03:55:25.088Z,2026-03-03T14:59:55.255Z,2025-08-21T21:54:15.742Z,2025-07-17T22:29:08.230Z,u8
po343,s2,COMPLETED,9399125,INR,2024-04-26T10:15:32.226Z,2024-10-01T09:04:39.693Z,2025-08-16T18:56:42.905Z,2024-07-20T22:37:58.529Z,u10
po344,s23,COMPLETED,3919644,INR,2024-04-17T17:49:32.191Z,2024-07-17T08:37:17.921Z,2024-10-14T11:10:06.705Z,2024-11-26T10:57:18.394Z,u7
po345,s6,COMPLETED,5511364,INR,2025-07-24T17:36:43.636Z,2025-01-02T22:58:20.821Z,2025-03-23T02:54:35.416Z,2024-07-26T11:34:51.161Z,u4
po346,s24,COMPLETED,1608024,INR,2025-11-30T02:35:27.466Z,2025-05-12T10:22:52.791Z,2024-10-19T02:17:58.762Z,2025-12-23T18:14:57.380Z,u2
po347,s17,COMPLETED,8133760,INR,2024-06-30T04:37:42.772Z,2024-09-11T13:19:38.063Z,2025-03-08T05:20:08.511Z,2025-12-15T03:13:44.084Z,u7
po348,s16,COMPLETED,9305169,INR,2024-09-08T20:14:04.175Z,2025-07-24T10:31:38.693Z,2024-11-26T14:46:26.415Z,2025-09-07T21:35:10.132Z,u9
po349,s18,COMPLETED,5725252,INR,2025-10-14T10:12:11.010Z,2025-06-25T13:53:37.750Z,2025-11-15T09:21:02.289Z,2025-04-12T16:27:24.723Z,u6
po350,s3,COMPLETED,12285740,INR,2025-05-06T23:00:58.708Z,2025-07-03T03:56:54.647Z,2025-09-26T05:22:08.885Z,2025-02-16T11:24:12.384Z,u1
po351,s4,COMPLETED,3107316,INR,2024-06-26T05:01:41.105Z,2024-10-31T06:01:31.572Z,2025-05-13T18:29:12.005Z,2024-03-10T21:43:47.743Z,u9
po352,s17,COMPLETED,700920,INR,2025-12-15T20:41:50.193Z,2024-08-02T05:47:15.573Z,2025-06-27T03:34:28.707Z,2025-01-29T20:48:31.447Z,u6
po353,s10,COMPLETED,10418046,INR,2024-07-18T02:41:49.016Z,2025-07-22T03:21:33.636Z,2024-08-11T15:15:32.139Z,2024-03-29T23:59:24.871Z,u2
po354,s18,COMPLETED,3508615,INR,2024-12-12T23:30:55.895Z,2025-10-20T16:59:54.584Z,2025-06-03T15:18:22.895Z,2025-03-13T11:47:43.113Z,u8
po355,s29,COMPLETED,4064587,INR,2025-03-26T20:28:59.027Z,2025-08-09T10:38:13.060Z,2024-04-23T10:46:06.996Z,2024-04-13T22:30:13.625Z,u6
po356,s11,COMPLETED,736134,INR,2024-07-20T06:37:12.956Z,2026-01-29T00:37:57.729Z,2024-11-04T07:47:02.958Z,2025-06-24T08:25:45.970Z,u9
po357,s17,COMPLETED,7762027,INR,2024-05-29T04:53:15.632Z,2024-09-22T11:23:09.318Z,2025-04-21T00:29:06.156Z,2025-11-28T08:39:53.024Z,u7
po358,s4,COMPLETED,1887684,INR,2025-02-24T18:59:24.525Z,2025-09-17T19:45:32.390Z,2024-04-21T23:55:04.298Z,2025-02-25T04:30:24.936Z,u7
po359,s14,COMPLETED,303828,INR,2025-09-28T04:16:54.420Z,2024-03-26T21:56:33.940Z,2025-07-27T01:24:31.271Z,2025-05-02T20:47:06.465Z,u10
po360,s7,COMPLETED,2265240,INR,2024-09-06T17:31:56.312Z,2025-04-26T05:30:18.577Z,2024-12-12T18:16:51.202Z,2025-12-27T18:42:24.365Z,u9
po361,s2,COMPLETED,3227952,INR,2024-06-26T23:46:10.010Z,2024-05-15T15:06:32.002Z,2025-02-02T08:55:48.015Z,2025-08-18T06:44:53.523Z,u6
po362,s22,COMPLETED,9754177,INR,2025-03-17T19:48:43.654Z,2024-07-01T08:00:29.830Z,2024-07-07T12:21:58.890Z,2024-10-09T10:36:37.202Z,u6
po363,s6,COMPLETED,2337738,INR,2025-12-29T10:21:03.879Z,2026-02-10T01:57:14.034Z,2024-11-01T17:15:23.585Z,2026-01-20T07:38:34.235Z,u10
po364,s19,COMPLETED,6465492,INR,2025-08-18T05:12:16.076Z,2025-09-09T17:07:06.116Z,2025-01-22T15:10:12.325Z,2026-02-16T13:48:06.389Z,u1
po365,s23,COMPLETED,3249927,INR,2025-05-02T05:47:14.202Z,2024-12-17T18:00:48.482Z,2025-02-22T14:14:09.572Z,2025-02-22T21:41:08.868Z,u6
po366,s11,COMPLETED,15399,INR,2025-08-08T04:45:54.200Z,2024-11-08T21:59:57.420Z,2025-06-12T02:38:33.712Z,2025-11-24T04:30:45.014Z,u8
po367,s6,COMPLETED,12226751,INR,2024-07-07T06:46:51.456Z,2024-07-06T15:13:02.742Z,2025-12-30T10:12:15.450Z,2024-03-29T22:46:03.311Z,u4
po368,s19,COMPLETED,415932,INR,2025-06-23T16:49:27.109Z,2026-02-07T22:11:41.433Z,2025-06-06T15:46:18.616Z,2024-09-14T13:05:10.758Z,u8
po369,s19,COMPLETED,670032,INR,2025-09-19T17:50:16.871Z,2025-02-13T16:42:43.784Z,2024-08-04T03:52:14.302Z,2025-12-19T14:18:03.046Z,u6
po370,s23,COMPLETED,9319574,INR,2024-03-26T09:19:55.617Z,2024-07-24T11:23:39.743Z,2025-09-06T03:27:26.434Z,2025-02-18T06:32:50.355Z,u7
po371,s22,COMPLETED,7212584,INR,2024-09-09T10:24:28.679Z,2025-04-30T21:27:30.728Z,2024-04-09T20:39:49.700Z,2025-09-29T14:23:05.480Z,u2
po372,s23,COMPLETED,5645232,INR,2026-02-05T00:35:48.352Z,2026-01-08T09:12:48.207Z,2024-04-14T22:22:49.647Z,2024-12-23T13:30:00.155Z,u7
po373,s7,COMPLETED,12365135,INR,2024-09-27T05:38:52.197Z,2024-04-11T12:28:29.408Z,2024-05-11T15:47:16.838Z,2024-11-25T15:08:14.009Z,u10
po374,s7,COMPLETED,12355348,INR,2025-03-29T19:11:14.609Z,2026-01-03T06:30:02.652Z,2024-09-03T15:58:49.379Z,2025-06-25T12:47:00.342Z,u9
po375,s6,COMPLETED,1902799,INR,2025-09-06T11:22:20.642Z,2024-11-05T01:37:41.123Z,2025-06-09T00:56:46.939Z,2024-10-03T11:11:02.601Z,u5
po376,s28,COMPLETED,8450657,INR,2025-11-05T19:44:17.133Z,2024-10-06T12:45:58.384Z,2025-06-30T05:57:05.453Z,2024-07-24T00:01:02.364Z,u4
po377,s13,COMPLETED,8782247,INR,2024-09-10T18:43:13.756Z,2025-02-12T00:48:29.524Z,2025-12-05T00:25:34.781Z,2024-03-22T07:37:53.631Z,u9
po378,s15,COMPLETED,2179455,INR,2025-03-29T10:38:44.874Z,2024-05-22T01:13:02.100Z,2024-07-08T12:09:45.497Z,2024-07-07T01:52:19.185Z,u4
po379,s15,COMPLETED,5437954,INR,2025-05-08T18:55:40.160Z,2024-09-23T21:02:56.254Z,2024-09-08T06:57:54.363Z,2024-07-02T19:56:22.432Z,u2
po380,s1,COMPLETED,12128122,INR,2026-03-06T00:58:35.489Z,2025-07-27T10:03:12.029Z,2024-07-04T14:29:40.601Z,2026-01-08T17:11:51.055Z,u10
po381,s23,COMPLETED,1862046,INR,2025-05-06T15:56:50.714Z,2025-07-01T23:37:30.310Z,2024-11-29T09:09:05.329Z,2024-09-20T05:00:04.050Z,u7
po382,s8,COMPLETED,229401,INR,2025-06-09T22:21:56.188Z,2025-11-07T01:19:26.028Z,2025-08-22T04:33:39.692Z,2024-11-10T12:33:50.216Z,u9
po383,s5,COMPLETED,4340352,INR,2025-11-22T14:50:59.254Z,2025-02-15T22:54:24.709Z,2025-12-11T17:57:21.062Z,2026-01-15T03:46:16.679Z,u7
po384,s18,COMPLETED,3127347,INR,2025-11-16T13:20:52.216Z,2026-01-24T06:33:22.426Z,2024-12-05T08:13:45.332Z,2024-09-13T17:44:49.146Z,u1
po385,s26,COMPLETED,3943786,INR,2024-07-13T06:34:40.842Z,2025-10-09T20:24:50.025Z,2025-01-17T07:07:47.818Z,2024-03-15T22:02:26.180Z,u2
po386,s20,COMPLETED,2397295,INR,2024-04-06T08:44:35.354Z,2025-11-04T08:49:27.647Z,2024-03-08T23:10:01.998Z,2025-04-11T04:00:00.069Z,u8
po387,s28,COMPLETED,21161102,INR,2024-08-23T17:59:14.842Z,2025-12-08T09:38:06.427Z,2025-08-19T05:13:46.596Z,2025-02-23T22:26:19.165Z,u9
po388,s7,COMPLETED,451622,INR,2024-05-25T13:37:40.497Z,2025-06-05T13:24:56.977Z,2024-08-10T03:22:08.018Z,2025-11-02T21:07:38.748Z,u8
po389,s2,COMPLETED,8275324,INR,2025-11-26T04:42:11.220Z,2025-01-16T10:09:29.482Z,2024-05-22T00:08:53.166Z,2026-02-12T17:22:13.713Z,u1
po390,s30,COMPLETED,12324704,INR,2024-07-25T10:02:34.013Z,2024-07-18T02:21:37.968Z,2024-08-24T16:59:54.731Z,2025-10-26T13:11:25.591Z,u10
po391,s29,COMPLETED,7467708,INR,2025-02-16T04:50:23.460Z,2024-11-08T06:54:12.511Z,2024-05-23T02:46:04.314Z,2024-04-27T11:11:12.849Z,u9
po392,s9,COMPLETED,523398,INR,2024-12-21T00:52:00.856Z,2025-12-26T17:45:34.755Z,2026-02-04T00:57:02.278Z,2025-01-01T11:18:24.327Z,u6
po393,s12,COMPLETED,7284980,INR,2025-06-04T12:51:09.841Z,2025-03-09T15:08:45.997Z,2025-03-05T14:45:16.792Z,2025-08-27T21:35:41.199Z,u3
po394,s25,COMPLETED,3362845,INR,2025-03-03T17:54:27.023Z,2026-01-11T00:51:58.843Z,2025-05-28T05:35:53.983Z,2024-06-03T23:55:46.759Z,u9
po395,s1,COMPLETED,1342184,INR,2024-12-17T11:31:05.028Z,2024-07-26T18:11:55.309Z,2024-10-29T18:39:41.412Z,2025-03-01T20:59:23.360Z,u1
po396,s13,COMPLETED,2016198,INR,2024-08-19T06:29:08.964Z,2026-01-02T09:46:33.286Z,2025-07-02T10:18:51.780Z,2024-04-25T11:51:23.691Z,u8
po397,s15,COMPLETED,4383766,INR,2025-03-14T16:49:02.489Z,2024-06-23T18:22:01.816Z,2024-10-29T11:36:54.100Z,2024-05-05T05:54:33.639Z,u8
po398,s11,COMPLETED,2435324,INR,2025-03-26T22:51:49.010Z,2024-09-05T13:22:05.702Z,2025-04-10T12:14:21.824Z,2024-08-14T09:56:28.566Z,u5
po399,s18,COMPLETED,12894602,INR,2026-02-16T11:13:07.943Z,2024-05-21T22:54:35.058Z,2024-06-21T12:05:57.118Z,2025-03-17T17:46:41.939Z,u6
po400,s29,COMPLETED,4965585,INR,2024-11-18T13:39:22.858Z,2025-01-26T11:38:01.941Z,2025-04-06T01:44:22.903Z,2025-07-24T12:52:11.816Z,u1
po401,s26,COMPLETED,6690703,INR,2025-07-28T21:42:15.982Z,2024-05-13T01:17:58.250Z,2024-10-27T20:42:24.041Z,2025-12-04T23:46:14.098Z,u1
po402,s9,COMPLETED,5814046,INR,2025-12-02T20:10:24.308Z,2024-08-07T15:03:02.980Z,2025-10-14T05:39:36.488Z,2025-06-17T02:48:05.443Z,u4
po403,s6,COMPLETED,8787750,INR,2025-01-23T07:29:27.797Z,2025-11-18T15:40:49.047Z,2025-06-17T12:08:13.980Z,2025-05-20T22:05:40.216Z,u7
po404,s12,COMPLETED,1057068,INR,2024-06-27T20:20:12.494Z,2025-09-01T14:28:56.171Z,2025-02-06T15:13:42.559Z,2025-10-21T23:03:52.480Z,u2
po405,s22,COMPLETED,837340,INR,2024-07-15T18:21:21.329Z,2025-11-06T10:39:55.006Z,2025-06-15T05:52:43.991Z,2025-01-23T14:23:40.792Z,u1
po406,s10,COMPLETED,4574611,INR,2024-09-24T19:23:34.275Z,2025-03-28T14:23:57.412Z,2025-02-03T09:39:21.640Z,2025-11-26T11:06:37.164Z,u7
po407,s22,COMPLETED,2117368,INR,2024-06-10T02:43:42.960Z,2024-05-12T06:00:52.783Z,2024-09-03T01:33:52.434Z,2025-07-01T10:57:05.003Z,u1
po408,s28,COMPLETED,1683122,INR,2025-03-26T00:54:58.211Z,2025-03-29T22:35:47.701Z,2025-06-24T19:09:00.901Z,2025-02-16T04:30:21.308Z,u10
po409,s15,COMPLETED,10919680,INR,2024-12-07T20:43:56.770Z,2024-08-11T22:20:53.371Z,2026-02-14T18:29:50.329Z,2024-06-23T02:09:14.665Z,u4
po410,s28,COMPLETED,9593359,INR,2025-06-13T11:02:04.672Z,2025-12-30T08:48:27.116Z,2025-08-15T12:01:19.114Z,2025-06-10T03:36:21.067Z,u7
po411,s7,COMPLETED,5123113,INR,2025-03-12T22:31:43.334Z,2024-12-29T18:28:50.918Z,2025-12-16T22:23:42.241Z,2025-03-10T02:29:01.324Z,u1
po412,s7,COMPLETED,6421335,INR,2025-07-29T21:04:24.409Z,2025-06-30T17:47:35.380Z,2025-11-10T06:16:33.072Z,2025-03-25T07:13:35.976Z,u2
po413,s28,COMPLETED,11703469,INR,2025-11-11T12:07:38.993Z,2024-03-18T00:06:47.860Z,2025-02-27T15:39:38.304Z,2025-03-17T19:49:34.462Z,u6
po414,s27,COMPLETED,8124439,INR,2024-05-05T17:32:49.374Z,2025-12-17T09:38:03.975Z,2024-05-11T12:17:41.774Z,2024-12-07T06:33:49.908Z,u2
po415,s24,COMPLETED,1023094,INR,2026-02-06T13:00:45.899Z,2025-02-27T07:49:13.735Z,2025-02-18T05:42:22.167Z,2025-04-30T17:03:23.072Z,u1
po416,s30,COMPLETED,4880629,INR,2025-03-26T00:56:11.881Z,2025-10-08T11:39:43.024Z,2024-11-23T21:31:10.154Z,2024-08-23T15:06:16.440Z,u5
po417,s9,COMPLETED,3460320,INR,2026-01-26T22:56:56.726Z,2025-02-01T13:32:05.026Z,2025-09-28T06:41:07.296Z,2026-02-22T03:59:19.229Z,u2
po418,s30,COMPLETED,10160700,INR,2024-03-28T18:48:31.062Z,2025-11-07T04:59:45.857Z,2025-08-12T16:00:24.332Z,2024-11-01T18:33:50.144Z,u4
po419,s27,COMPLETED,11735103,INR,2025-01-24T19:45:19.506Z,2025-07-22T07:38:06.962Z,2025-03-06T23:04:40.648Z,2024-11-19T09:48:23.577Z,u3
po420,s28,COMPLETED,8779124,INR,2025-08-15T22:45:55.179Z,2025-03-26T19:34:11.662Z,2026-02-22T03:10:30.061Z,2025-12-16T12:28:49.338Z,u5
po421,s23,COMPLETED,7052458,INR,2024-11-22T21:21:32.089Z,2025-08-22T15:57:43.771Z,2026-02-17T13:13:47.905Z,2025-10-08T05:43:16.109Z,u9
po422,s17,COMPLETED,1364794,INR,2025-08-31T10:21:49.054Z,2024-11-12T06:58:50.954Z,2025-07-01T17:38:59.952Z,2024-09-25T12:51:05.861Z,u1
po423,s2,COMPLETED,4649495,INR,2024-03-16T20:44:34.427Z,2025-11-17T22:43:49.558Z,2024-07-05T01:29:04.567Z,2024-11-23T06:01:56.198Z,u2
po424,s6,COMPLETED,4276416,INR,2024-07-19T03:55:20.457Z,2025-12-08T17:08:59.278Z,2025-02-21T22:19:40.055Z,2025-05-05T22:02:30.923Z,u1
po425,s30,COMPLETED,5018127,INR,2024-10-10T18:47:59.426Z,2025-08-27T02:13:47.864Z,2024-07-10T10:45:37.821Z,2025-03-24T17:22:49.152Z,u4
po426,s23,COMPLETED,5662934,INR,2024-03-14T20:49:46.757Z,2025-07-19T05:44:34.957Z,2024-06-21T23:45:51.516Z,2025-07-20T09:33:09.072Z,u1
po427,s10,COMPLETED,12253394,INR,2024-07-24T13:38:20.797Z,2024-11-17T02:45:16.057Z,2024-06-20T18:52:22.192Z,2024-07-15T15:05:02.624Z,u2
po428,s14,COMPLETED,324465,INR,2025-01-07T10:37:53.318Z,2024-09-17T13:21:03.949Z,2024-03-30T18:50:46.496Z,2025-10-21T07:57:02.293Z,u4
po429,s27,COMPLETED,8380866,INR,2024-04-18T21:48:56.734Z,2025-04-26T02:30:20.464Z,2025-12-22T22:34:35.170Z,2025-08-18T15:41:25.180Z,u1
po430,s10,COMPLETED,14313251,INR,2025-04-16T13:09:51.413Z,2025-06-09T18:14:15.395Z,2025-08-14T23:05:15.435Z,2025-01-01T03:55:43.234Z,u3
po431,s28,COMPLETED,1125760,INR,2024-05-11T02:37:24.189Z,2024-05-08T11:17:10.029Z,2025-01-19T17:31:54.298Z,2025-05-26T14:20:32.178Z,u7
po432,s8,COMPLETED,2766435,INR,2025-04-27T03:06:59.225Z,2024-11-19T22:41:35.939Z,2025-04-23T12:47:44.809Z,2025-12-14T14:17:04.680Z,u5
po433,s16,COMPLETED,4077348,INR,2024-05-14T00:40:03.987Z,2025-11-16T02:49:58.505Z,2026-02-23T13:25:37.927Z,2024-05-13T14:12:53.758Z,u6
po434,s26,COMPLETED,9458353,INR,2026-02-05T22:42:14.827Z,2024-10-12T17:27:07.534Z,2025-08-04T00:19:34.811Z,2024-09-23T16:58:37.725Z,u7
po435,s26,COMPLETED,203600,INR,2025-02-19T00:08:28.811Z,2024-07-20T00:59:50.470Z,2024-06-03T18:22:53.254Z,2025-05-28T00:04:28.435Z,u5
po436,s6,COMPLETED,4364371,INR,2025-12-12T08:28:49.721Z,2025-12-19T00:27:17.502Z,2024-04-04T13:11:09.326Z,2025-01-18T19:30:02.954Z,u10
po437,s28,COMPLETED,99728,INR,2024-06-19T05:14:53.435Z,2024-11-26T08:01:17.406Z,2024-04-04T08:09:50.819Z,2025-10-19T05:26:37.427Z,u9
po438,s3,COMPLETED,2347286,INR,2026-02-28T16:11:14.206Z,2024-06-30T15:30:39.321Z,2024-11-19T04:47:40.002Z,2024-07-09T20:34:11.028Z,u9
po439,s2,COMPLETED,5949766,INR,2025-02-17T22:58:23.614Z,2025-09-05T13:27:02.585Z,2025-09-15T20:30:39.899Z,2025-12-15T20:39:47.393Z,u10
po440,s8,COMPLETED,3800083,INR,2025-04-08T01:45:41.701Z,2025-10-14T08:56:22.913Z,2024-08-15T05:24:48.685Z,2025-10-28T12:42:00.127Z,u10
po441,s15,COMPLETED,5817035,INR,2024-12-15T04:36:42.789Z,2024-07-10T14:47:37.222Z,2025-07-12T10:50:46.644Z,2025-03-26T00:29:48.663Z,u1
po442,s12,COMPLETED,1994733,INR,2024-07-02T04:15:42.625Z,2025-03-24T20:27:55.541Z,2025-01-25T08:07:40.219Z,2025-01-24T08:12:52.566Z,u10
po443,s2,COMPLETED,3645175,INR,2025-05-21T00:50:43.221Z,2025-01-16T08:11:05.855Z,2025-12-26T18:23:28.508Z,2024-09-19T22:01:57.373Z,u8
po444,s27,COMPLETED,5285873,INR,2024-09-25T04:35:55.986Z,2025-07-08T22:17:52.714Z,2025-03-21T19:34:42.494Z,2024-04-23T21:04:02.716Z,u8
po445,s6,COMPLETED,9163449,INR,2025-04-22T13:55:23.912Z,2024-10-24T12:46:26.201Z,2025-11-04T17:12:40.759Z,2025-01-23T13:20:13.184Z,u1
po446,s11,COMPLETED,10515058,INR,2026-02-02T00:05:15.663Z,2024-08-18T13:37:52.726Z,2024-08-17T18:54:19.924Z,2025-07-26T19:00:36.475Z,u8
po447,s18,COMPLETED,12100515,INR,2024-05-13T20:38:02.239Z,2025-05-30T02:48:58.545Z,2025-07-02T11:07:11.493Z,2026-01-27T23:51:33.679Z,u8
po448,s19,COMPLETED,705712,INR,2024-05-13T13:20:55.632Z,2024-12-21T01:23:05.840Z,2025-04-14T19:01:56.746Z,2025-08-19T08:52:59.207Z,u9
po449,s26,COMPLETED,9913620,INR,2025-02-17T06:12:13.162Z,2025-12-04T06:40:54.492Z,2024-10-18T03:47:42.369Z,2025-11-11T04:17:47.298Z,u3
po450,s30,COMPLETED,806328,INR,2025-01-25T13:21:40.351Z,2024-09-17T04:19:06.875Z,2026-02-17T09:48:28.860Z,2024-11-23T11:12:37.322Z,u7
po451,s20,COMPLETED,3944912,INR,2025-12-26T16:54:21.820Z,2024-10-31T05:04:41.908Z,2024-11-08T19:22:24.216Z,2024-07-21T13:29:49.472Z,u4
po452,s8,COMPLETED,1485092,INR,2024-11-05T15:54:16.000Z,2024-03-29T08:07:28.254Z,2026-01-15T02:27:01.349Z,2025-07-09T05:25:18.564Z,u5
po453,s29,COMPLETED,5025646,INR,2025-02-23T23:13:49.171Z,2025-01-19T17:50:10.342Z,2025-03-21T03:20:13.518Z,2024-05-29T16:10:50.185Z,u10
po454,s19,COMPLETED,4831555,INR,2026-03-01T10:30:06.895Z,2025-11-27T07:16:19.433Z,2025-04-18T11:45:41.578Z,2026-02-26T00:54:43.236Z,u10
po455,s21,COMPLETED,4076134,INR,2025-11-18T19:13:22.245Z,2024-09-06T00:14:04.457Z,2024-03-24T02:23:29.610Z,2025-12-28T02:17:18.769Z,u3
po456,s12,COMPLETED,19777229,INR,2025-06-08T19:19:31.215Z,2024-06-03T05:31:38.867Z,2024-07-26T06:42:21.367Z,2025-01-07T08:39:16.740Z,u1
po457,s12,COMPLETED,1982403,INR,2025-02-25T01:12:32.805Z,2024-07-15T03:51:56.273Z,2024-06-23T01:43:35.756Z,2025-07-16T05:40:33.885Z,u8
po458,s15,COMPLETED,660326,INR,2025-12-03T11:04:59.172Z,2026-01-22T03:42:57.873Z,2024-05-04T02:24:18.991Z,2025-02-17T07:35:49.358Z,u3
po459,s25,COMPLETED,8478237,INR,2024-08-07T20:16:11.163Z,2024-12-29T08:54:02.305Z,2025-12-08T15:01:30.867Z,2024-12-25T11:26:25.126Z,u4
po460,s4,COMPLETED,2111187,INR,2025-04-27T16:41:54.837Z,2025-07-27T21:16:39.576Z,2025-05-10T12:21:06.866Z,2025-01-31T07:17:53.181Z,u6
po461,s11,COMPLETED,9685417,INR,2025-02-19T08:53:12.995Z,2024-03-22T06:35:34.951Z,2025-02-18T06:35:31.006Z,2024-05-01T01:01:49.850Z,u7
po462,s7,COMPLETED,1408158,INR,2025-03-16T04:34:01.667Z,2025-11-17T14:49:29.724Z,2025-02-17T20:39:44.650Z,2025-01-31T08:45:50.756Z,u5
po463,s24,COMPLETED,9667501,INR,2024-05-22T11:14:35.051Z,2025-02-13T17:50:26.992Z,2024-12-17T23:13:28.562Z,2025-11-15T16:18:57.736Z,u1
po464,s30,COMPLETED,4591540,INR,2024-06-11T15:14:26.745Z,2024-03-16T19:42:47.369Z,2024-06-13T21:15:49.566Z,2024-09-06T05:09:57.983Z,u10
po465,s11,COMPLETED,1173555,INR,2025-01-11T12:00:25.328Z,2024-04-12T17:39:33.225Z,2025-11-25T09:29:17.233Z,2025-09-07T09:10:44.367Z,u5
po466,s23,COMPLETED,12118466,INR,2025-10-07T18:51:03.930Z,2026-01-25T18:13:27.391Z,2024-06-19T20:35:58.578Z,2024-11-04T18:49:38.663Z,u8
po467,s21,COMPLETED,5231710,INR,2025-06-24T13:03:07.571Z,2024-05-22T12:00:17.105Z,2025-10-12T09:50:40.978Z,2025-10-05T07:09:48.094Z,u6
po468,s5,COMPLETED,2875492,INR,2025-08-08T09:41:13.364Z,2026-01-08T15:48:14.130Z,2025-06-08T08:35:45.408Z,2025-01-03T20:02:08.205Z,u4
po469,s21,COMPLETED,491850,INR,2024-06-02T16:20:27.689Z,2025-09-18T16:56:00.168Z,2026-01-03T15:58:02.167Z,2025-02-26T17:06:30.033Z,u9
po470,s26,COMPLETED,14667439,INR,2025-11-11T11:01:34.212Z,2024-07-23T10:08:53.720Z,2024-07-02T21:25:40.801Z,2024-03-21T03:44:06.911Z,u10
po471,s11,COMPLETED,8943114,INR,2025-04-08T20:08:53.006Z,2025-06-21T16:18:32.021Z,2025-11-04T10:07:51.000Z,2026-02-09T18:18:56.301Z,u4
po472,s16,COMPLETED,5509700,INR,2025-09-27T20:30:15.126Z,2024-10-05T01:46:59.733Z,2025-08-04T16:04:48.864Z,2024-09-30T07:39:45.543Z,u9
po473,s11,COMPLETED,8644237,INR,2026-03-02T01:38:47.468Z,2025-11-24T22:18:52.267Z,2025-11-10T04:37:32.497Z,2024-07-28T06:29:00.839Z,u3
po474,s18,COMPLETED,7572585,INR,2024-05-15T06:23:07.981Z,2025-10-23T19:26:36.626Z,2024-08-15T04:57:46.017Z,2025-05-02T11:14:46.234Z,u3
po475,s12,COMPLETED,12924474,INR,2025-05-25T15:12:24.314Z,2025-05-30T16:13:18.825Z,2025-08-17T06:28:46.582Z,2025-11-28T19:22:09.087Z,u4
po476,s16,COMPLETED,6901525,INR,2026-01-25T09:24:25.231Z,2026-01-08T13:20:06.715Z,2024-03-14T19:35:44.043Z,2025-08-07T12:25:06.058Z,u10
po477,s18,COMPLETED,11157510,INR,2025-04-25T19:36:13.730Z,2025-11-09T22:12:15.939Z,2026-01-29T14:37:45.170Z,2024-05-10T03:29:09.929Z,u1
po478,s19,COMPLETED,5659902,INR,2025-10-26T05:14:49.676Z,2025-05-19T21:04:19.953Z,2024-10-20T00:56:25.542Z,2024-05-01T16:13:34.434Z,u2
po479,s29,COMPLETED,1363136,INR,2025-04-14T07:54:48.284Z,2024-08-23T20:44:14.786Z,2025-01-22T01:59:15.793Z,2024-12-24T12:45:25.770Z,u7
po480,s22,COMPLETED,17918185,INR,2024-12-16T04:33:56.533Z,2024-05-07T09:35:01.065Z,2024-03-15T11:47:57.931Z,2024-07-12T18:46:36.535Z,u10
po481,s18,COMPLETED,9968486,INR,2026-01-10T22:53:29.953Z,2024-09-30T08:10:32.598Z,2026-02-16T15:37:32.895Z,2024-12-06T10:42:13.619Z,u9
po482,s9,COMPLETED,1752156,INR,2025-09-02T09:24:58.224Z,2024-06-07T15:45:55.246Z,2025-03-19T16:25:55.484Z,2024-05-16T11:41:26.338Z,u2
po483,s11,COMPLETED,3047305,INR,2025-12-15T13:58:25.202Z,2025-05-30T21:40:38.026Z,2025-03-24T18:38:26.890Z,2024-08-19T23:28:02.102Z,u6
po484,s24,COMPLETED,3615186,INR,2024-05-29T14:21:04.407Z,2025-02-21T12:17:25.870Z,2024-11-24T13:46:08.168Z,2025-07-30T02:47:29.361Z,u10
po485,s6,COMPLETED,3444229,INR,2024-08-08T15:26:42.965Z,2025-12-22T03:02:19.755Z,2024-06-24T01:29:01.292Z,2025-10-07T08:54:43.563Z,u1
po486,s22,COMPLETED,3691406,INR,2024-05-19T02:09:11.783Z,2024-03-22T00:49:05.766Z,2025-04-27T21:50:04.862Z,2025-12-09T08:37:50.022Z,u9
po487,s26,COMPLETED,8528843,INR,2026-02-28T12:33:07.936Z,2026-01-08T21:05:16.615Z,2025-02-26T16:53:57.020Z,2026-02-16T09:52:34.133Z,u4
po488,s29,COMPLETED,2665766,INR,2026-01-25T12:54:37.052Z,2026-01-21T14:37:02.085Z,2024-05-16T07:35:35.500Z,2025-09-28T21:22:28.365Z,u6
po489,s16,COMPLETED,7583101,INR,2025-06-16T01:23:18.394Z,2026-02-27T16:32:29.501Z,2024-10-09T08:24:27.352Z,2024-12-10T21:26:21.720Z,u8
po490,s4,COMPLETED,10279843,INR,2025-05-06T18:47:30.082Z,2025-05-15T10:41:14.456Z,2024-12-31T00:04:51.980Z,2025-05-25T14:27:24.024Z,u6
po491,s16,COMPLETED,9522218,INR,2025-12-26T12:10:56.258Z,2024-11-11T13:17:14.142Z,2024-05-12T05:57:48.902Z,2024-05-26T16:48:12.752Z,u7
po492,s26,COMPLETED,5921715,INR,2025-09-09T22:44:07.080Z,2025-10-19T06:44:19.763Z,2025-08-16T04:12:27.609Z,2024-12-30T00:26:02.024Z,u5
po493,s17,COMPLETED,2874189,INR,2025-05-19T14:49:00.624Z,2024-04-19T00:47:03.515Z,2025-06-13T07:26:32.978Z,2025-04-22T16:35:41.603Z,u7
po494,s27,COMPLETED,12041014,INR,2024-08-17T09:27:38.385Z,2025-02-01T15:07:41.340Z,2025-04-18T19:35:49.393Z,2024-05-15T07:08:24.031Z,u9
po495,s17,COMPLETED,1947726,INR,2025-09-06T23:08:59.968Z,2025-03-05T03:29:24.338Z,2024-06-03T06:21:16.911Z,2024-12-25T06:56:20.560Z,u10
po496,s22,COMPLETED,17086532,INR,2025-05-19T21:34:37.784Z,2025-02-25T03:50:39.521Z,2025-01-10T10:43:22.126Z,2024-11-04T13:46:19.545Z,u8
po497,s5,COMPLETED,6681756,INR,2025-01-12T12:15:56.386Z,2024-11-25T17:24:05.954Z,2024-09-10T04:33:26.997Z,2025-10-10T13:08:45.505Z,u5
po498,s6,COMPLETED,8568853,INR,2025-07-04T15:57:02.289Z,2025-04-06T15:11:03.517Z,2025-08-15T14:51:56.722Z,2025-11-24T05:01:29.357Z,u6
po499,s11,COMPLETED,5865837,INR,2025-01-09T07:29:25.849Z,2024-12-10T18:23:31.668Z,2024-10-10T13:22:34.926Z,2024-09-07T02:01:58.492Z,u2
po500,s22,COMPLETED,249117,INR,2024-09-23T14:14:20.340Z,2025-08-14T06:36:19.217Z,2024-11-20T23:53:26.223Z,2026-03-01T13:56:40.649Z,u7
po501,s6,COMPLETED,10913883,INR,2024-06-23T02:59:24.069Z,2024-09-21T05:02:08.396Z,2025-08-23T00:46:05.721Z,2025-12-15T06:02:22.742Z,u10
po502,s8,COMPLETED,9302311,INR,2025-07-14T04:43:00.324Z,2024-05-20T16:40:21.710Z,2024-09-13T14:09:04.994Z,2025-05-25T12:38:06.980Z,u6
po503,s24,COMPLETED,8785086,INR,2025-12-12T18:53:35.339Z,2025-09-23T21:53:46.442Z,2024-07-24T02:25:21.671Z,2025-06-11T03:21:06.906Z,u4
po504,s15,COMPLETED,9038088,INR,2025-10-06T18:57:32.535Z,2025-12-09T14:41:16.916Z,2024-10-28T01:26:22.749Z,2024-10-24T16:01:46.234Z,u9
po505,s6,COMPLETED,14797202,INR,2025-06-11T21:54:06.661Z,2025-08-28T00:22:19.926Z,2025-07-10T01:08:17.907Z,2024-11-20T00:27:31.922Z,u3
po506,s30,COMPLETED,11119847,INR,2024-12-02T15:07:27.073Z,2025-01-23T21:47:20.167Z,2025-05-08T18:01:30.950Z,2024-05-05T09:04:08.681Z,u10
po507,s15,COMPLETED,5183418,INR,2025-05-30T09:47:27.645Z,2025-12-24T23:39:27.670Z,2025-08-07T08:30:15.666Z,2024-04-08T06:24:48.110Z,u10
po508,s28,COMPLETED,2191812,INR,2024-08-31T02:38:33.286Z,2025-12-25T10:02:30.784Z,2024-12-20T09:58:45.373Z,2025-11-12T04:54:16.109Z,u7
po509,s23,COMPLETED,4091475,INR,2026-01-03T10:13:26.915Z,2024-07-05T04:39:38.046Z,2024-10-01T06:36:23.914Z,2025-02-02T11:20:27.645Z,u1
po510,s5,COMPLETED,1008472,INR,2024-11-10T02:06:41.784Z,2025-04-10T00:54:19.887Z,2024-07-18T05:42:19.105Z,2024-03-12T10:28:05.808Z,u4
po511,s5,COMPLETED,2684385,INR,2024-06-28T09:55:25.462Z,2025-11-10T04:18:22.474Z,2024-07-25T22:12:35.285Z,2025-02-08T22:45:20.045Z,u1
po512,s24,COMPLETED,13630041,INR,2025-04-13T11:28:28.767Z,2026-02-11T11:40:07.869Z,2026-02-20T23:26:23.361Z,2025-06-30T00:02:08.746Z,u4
po513,s1,COMPLETED,9881427,INR,2024-04-05T16:53:56.944Z,2025-06-25T17:20:13.106Z,2025-10-23T18:58:12.312Z,2024-03-28T04:18:26.839Z,u6
po514,s3,COMPLETED,776609,INR,2024-06-22T18:31:29.682Z,2025-08-21T19:04:21.185Z,2024-09-06T02:32:22.307Z,2024-12-03T07:49:59.175Z,u7
po515,s13,COMPLETED,1412734,INR,2025-09-09T10:31:14.297Z,2025-05-19T14:51:03.798Z,2024-06-22T12:20:26.847Z,2024-10-23T23:54:49.173Z,u4
po516,s14,COMPLETED,3428476,INR,2024-11-29T02:55:56.717Z,2024-11-09T02:26:46.907Z,2025-03-31T15:15:51.462Z,2024-07-17T08:28:06.138Z,u3
po517,s19,COMPLETED,8288468,INR,2025-02-10T23:14:43.554Z,2025-11-21T20:15:25.046Z,2026-02-11T16:45:58.405Z,2024-11-19T23:27:30.671Z,u2
po518,s7,COMPLETED,3335651,INR,2026-02-18T13:20:22.334Z,2024-12-02T04:18:29.992Z,2026-02-09T18:20:06.794Z,2024-04-28T08:41:31.917Z,u2
po519,s13,COMPLETED,4427840,INR,2024-07-22T07:00:20.967Z,2026-01-09T10:35:28.199Z,2024-10-05T21:16:52.599Z,2025-03-01T18:43:43.915Z,u4
po520,s24,COMPLETED,11619262,INR,2025-08-21T04:24:07.778Z,2025-11-08T00:31:18.231Z,2024-03-29T09:44:20.723Z,2025-10-01T11:49:57.717Z,u4
po521,s28,COMPLETED,10695140,INR,2024-09-04T11:24:27.884Z,2024-03-20T21:25:40.141Z,2025-06-17T04:18:42.195Z,2025-04-26T10:32:16.374Z,u1
po522,s2,COMPLETED,14356667,INR,2025-06-07T03:32:57.362Z,2024-06-22T23:14:48.078Z,2024-03-31T18:41:19.339Z,2026-01-24T00:46:17.199Z,u5
po523,s7,COMPLETED,2112480,INR,2024-11-03T21:50:46.345Z,2024-03-21T08:42:41.452Z,2025-02-16T02:24:36.917Z,2025-07-01T01:49:39.468Z,u5
po524,s23,COMPLETED,9017084,INR,2025-07-12T11:18:36.405Z,2024-05-20T05:34:42.806Z,2026-01-12T05:04:14.640Z,2024-10-31T09:59:37.298Z,u10
po525,s20,COMPLETED,2516115,INR,2024-08-20T00:44:32.389Z,2024-06-02T09:30:43.193Z,2024-07-06T14:32:49.212Z,2025-12-25T01:11:25.214Z,u3
po526,s2,COMPLETED,9965194,INR,2025-11-13T16:58:40.116Z,2026-02-10T23:27:05.698Z,2025-02-14T12:50:39.497Z,2024-11-17T21:10:53.855Z,u2
po527,s15,COMPLETED,4540185,INR,2025-10-06T11:34:40.168Z,2024-03-17T06:44:04.041Z,2024-09-05T12:22:34.644Z,2026-01-28T20:22:39.828Z,u2
po528,s29,COMPLETED,3197920,INR,2025-04-13T20:22:39.538Z,2026-03-06T05:36:51.738Z,2024-04-02T15:51:38.507Z,2025-03-03T01:44:49.619Z,u3
po529,s7,COMPLETED,3653020,INR,2024-04-18T04:19:01.927Z,2025-03-16T05:45:30.750Z,2024-05-19T17:08:08.222Z,2025-09-26T08:34:14.268Z,u4
po530,s14,COMPLETED,9519330,INR,2024-03-20T22:12:11.496Z,2024-11-03T23:42:34.204Z,2025-03-29T09:56:47.840Z,2024-04-29T13:33:24.616Z,u10
po531,s20,COMPLETED,1983400,INR,2025-07-08T13:37:30.777Z,2024-08-21T03:13:54.886Z,2025-11-30T04:03:44.080Z,2025-10-29T01:22:39.916Z,u1
po532,s10,COMPLETED,2064960,INR,2026-01-15T13:29:56.762Z,2025-05-21T20:55:36.634Z,2024-10-15T04:33:06.142Z,2024-11-08T14:38:47.884Z,u3
po533,s19,COMPLETED,9460923,INR,2025-09-05T09:45:28.627Z,2024-11-30T18:56:40.342Z,2024-10-08T06:18:15.044Z,2025-09-25T22:45:13.548Z,u6
po534,s11,COMPLETED,5228076,INR,2024-09-21T14:34:08.514Z,2025-02-21T18:43:22.011Z,2025-10-13T12:07:58.230Z,2025-07-20T12:46:21.989Z,u4
po535,s14,COMPLETED,2059534,INR,2025-10-11T20:53:20.636Z,2024-07-15T04:57:47.522Z,2024-08-24T13:55:52.848Z,2025-07-24T01:36:05.240Z,u9
po536,s6,COMPLETED,8906244,INR,2025-04-09T16:39:00.661Z,2025-03-24T06:26:42.908Z,2024-05-18T12:32:48.179Z,2024-05-19T03:09:35.934Z,u1
po537,s7,COMPLETED,2000406,INR,2024-04-16T03:12:24.818Z,2025-10-21T13:18:54.241Z,2025-02-04T17:05:52.198Z,2025-09-04T01:48:15.484Z,u8
po538,s2,COMPLETED,2694727,INR,2026-02-09T07:32:38.570Z,2025-01-10T12:46:06.548Z,2024-03-09T05:34:06.337Z,2024-10-15T20:35:26.992Z,u5
po539,s24,COMPLETED,2688300,INR,2025-02-22T17:05:24.744Z,2025-01-04T01:49:34.058Z,2025-10-14T03:59:29.620Z,2025-06-12T20:20:19.403Z,u4
po540,s13,COMPLETED,3885310,INR,2025-06-28T07:05:24.987Z,2025-08-13T10:48:45.319Z,2025-06-29T12:21:19.687Z,2025-10-03T20:00:22.974Z,u10
po541,s30,COMPLETED,8795451,INR,2025-11-22T18:17:25.585Z,2025-03-20T04:12:27.773Z,2025-03-29T14:26:48.084Z,2025-07-08T16:17:23.242Z,u10
po542,s13,COMPLETED,1490063,INR,2025-03-21T11:08:32.173Z,2024-11-06T01:58:50.040Z,2025-10-28T03:34:32.653Z,2024-12-19T17:56:29.699Z,u8
po543,s12,COMPLETED,3483192,INR,2025-02-06T22:45:08.455Z,2025-04-17T23:21:45.254Z,2024-12-17T14:37:27.802Z,2025-04-04T19:54:46.591Z,u9
po544,s17,COMPLETED,9835304,INR,2025-01-30T01:24:56.250Z,2025-07-06T00:31:55.508Z,2024-04-18T09:23:08.154Z,2024-08-31T15:55:10.755Z,u1
po545,s10,COMPLETED,9853848,INR,2025-12-03T18:20:02.205Z,2026-02-07T14:46:02.690Z,2024-12-28T08:40:35.513Z,2024-11-26T20:11:08.171Z,u8
po546,s5,COMPLETED,5952011,INR,2024-04-23T20:32:45.724Z,2025-12-11T17:18:31.516Z,2024-05-31T01:56:31.710Z,2024-09-24T18:01:40.443Z,u9
po547,s5,COMPLETED,5022584,INR,2025-06-05T23:27:53.887Z,2024-05-09T14:39:25.479Z,2025-03-08T13:37:42.628Z,2025-03-24T05:02:00.026Z,u3
po548,s9,COMPLETED,3171418,INR,2025-09-04T01:51:38.426Z,2024-05-10T21:16:46.849Z,2025-10-07T02:32:25.062Z,2025-08-07T07:50:32.282Z,u3
po549,s28,COMPLETED,4060231,INR,2025-03-23T02:48:46.249Z,2025-01-23T02:52:02.095Z,2025-07-08T07:45:59.957Z,2024-07-27T08:51:48.006Z,u1
po550,s24,COMPLETED,16685329,INR,2026-02-08T07:38:24.178Z,2025-01-14T03:46:49.535Z,2025-04-13T12:41:23.314Z,2026-01-19T17:19:39.832Z,u4
po551,s19,COMPLETED,2770175,INR,2025-11-18T05:39:24.473Z,2025-08-08T02:50:21.391Z,2025-03-16T05:11:48.097Z,2024-11-22T16:01:46.371Z,u9
po552,s7,COMPLETED,17142743,INR,2025-08-26T08:38:29.899Z,2024-11-02T15:28:43.143Z,2024-08-27T16:13:33.033Z,2024-08-21T17:18:08.870Z,u8
po553,s8,COMPLETED,1825839,INR,2024-10-02T03:36:28.976Z,2024-10-28T04:39:24.088Z,2024-11-18T10:19:48.501Z,2025-08-18T14:21:34.960Z,u10
po554,s20,COMPLETED,9788616,INR,2025-09-28T02:32:12.569Z,2026-02-23T22:05:08.684Z,2024-06-01T06:42:37.604Z,2024-05-23T05:50:32.919Z,u4
po555,s12,COMPLETED,11365672,INR,2024-04-07T10:06:55.300Z,2025-11-21T20:57:34.296Z,2025-07-28T10:10:44.441Z,2025-01-30T07:09:40.960Z,u3
po556,s21,COMPLETED,5337313,INR,2025-09-09T07:10:37.603Z,2025-09-03T06:07:11.758Z,2024-05-02T22:08:44.106Z,2024-05-27T10:19:47.084Z,u7
po557,s22,COMPLETED,3763792,INR,2024-10-10T08:21:07.587Z,2026-01-09T03:33:27.842Z,2026-01-22T00:33:20.038Z,2025-11-27T07:05:08.023Z,u3
po558,s9,COMPLETED,5446935,INR,2025-05-24T08:46:18.165Z,2024-12-14T13:23:44.623Z,2024-11-29T00:11:04.045Z,2024-10-27T15:14:11.385Z,u7
po559,s29,COMPLETED,1366310,INR,2025-05-01T21:15:10.190Z,2025-08-15T18:32:39.339Z,2025-02-22T08:32:12.400Z,2024-10-27T20:06:07.520Z,u10
po560,s30,COMPLETED,4709844,INR,2024-09-17T12:17:27.402Z,2025-09-18T13:18:47.669Z,2025-11-30T13:56:45.219Z,2025-06-24T11:57:00.694Z,u6
po561,s18,COMPLETED,12333626,INR,2025-07-15T10:07:49.562Z,2024-06-19T22:29:34.997Z,2024-04-03T05:04:48.406Z,2025-09-07T22:20:53.275Z,u10
po562,s5,COMPLETED,6089339,INR,2024-09-22T03:30:30.559Z,2024-10-30T15:02:48.928Z,2026-01-06T18:33:33.824Z,2024-10-08T03:22:50.546Z,u4
po563,s26,COMPLETED,14043041,INR,2024-05-17T04:40:13.172Z,2025-07-07T14:34:32.851Z,2024-07-20T01:14:57.362Z,2025-06-22T06:59:46.552Z,u5
po564,s18,COMPLETED,13965681,INR,2025-01-31T10:03:05.690Z,2024-10-07T12:52:35.683Z,2025-02-06T13:28:05.656Z,2024-07-24T11:45:38.052Z,u3
po565,s26,COMPLETED,690989,INR,2024-09-27T18:50:42.075Z,2024-11-26T09:01:05.835Z,2025-05-26T13:49:37.530Z,2025-07-25T15:06:15.139Z,u6
po566,s18,COMPLETED,14307797,INR,2024-07-20T01:05:05.216Z,2025-09-13T00:24:16.819Z,2024-04-03T11:04:55.418Z,2024-03-19T17:22:44.561Z,u1
po567,s3,COMPLETED,10404007,INR,2026-01-08T22:31:24.302Z,2024-07-25T17:49:23.709Z,2024-08-25T06:20:47.191Z,2024-06-05T03:44:33.758Z,u3
po568,s17,COMPLETED,1087695,INR,2025-02-24T23:44:34.401Z,2026-01-06T13:53:12.463Z,2025-05-20T14:14:21.803Z,2024-09-08T11:29:02.820Z,u4
po569,s15,COMPLETED,3516282,INR,2024-07-17T19:28:38.309Z,2026-01-23T16:09:25.617Z,2024-04-21T14:49:21.990Z,2024-11-15T15:08:31.724Z,u2
po570,s29,COMPLETED,10969026,INR,2025-10-14T01:55:33.619Z,2025-12-06T08:27:37.614Z,2025-08-03T17:21:06.956Z,2025-02-04T01:22:02.273Z,u2
po571,s11,COMPLETED,2329208,INR,2025-07-04T01:17:14.309Z,2025-05-19T01:36:45.675Z,2025-11-25T14:08:20.045Z,2024-04-26T18:35:09.814Z,u4
po572,s3,COMPLETED,6475274,INR,2026-02-01T04:33:24.433Z,2024-05-21T02:26:01.834Z,2025-05-23T03:25:13.267Z,2024-09-30T02:17:59.479Z,u3
po573,s25,COMPLETED,8332685,INR,2025-10-14T20:38:35.979Z,2025-01-09T02:40:22.985Z,2024-09-18T17:38:45.631Z,2024-10-23T05:16:31.746Z,u3
po574,s22,COMPLETED,6183956,INR,2025-12-10T16:43:50.800Z,2024-05-25T12:06:18.330Z,2026-02-03T20:40:46.376Z,2024-12-24T20:54:50.387Z,u8
po575,s21,COMPLETED,1073502,INR,2024-03-30T12:05:30.364Z,2025-01-17T00:28:18.568Z,2025-05-24T09:29:38.030Z,2024-12-17T12:19:10.664Z,u6
po576,s15,COMPLETED,3900308,INR,2024-12-28T08:35:34.481Z,2025-07-19T04:04:31.099Z,2024-09-25T01:38:50.050Z,2024-10-18T16:59:35.660Z,u10
po577,s21,COMPLETED,1846620,INR,2026-01-26T15:46:56.617Z,2024-04-19T12:20:56.655Z,2025-09-29T07:06:46.512Z,2024-07-03T22:32:23.821Z,u1
po578,s14,COMPLETED,9905886,INR,2025-06-15T11:49:54.424Z,2024-08-24T00:42:31.335Z,2025-02-25T18:07:15.008Z,2024-03-09T03:59:01.985Z,u1
po579,s14,COMPLETED,1934994,INR,2026-01-24T22:49:51.576Z,2025-03-04T07:10:07.037Z,2025-10-11T04:27:00.420Z,2025-09-12T22:21:32.247Z,u5
po580,s3,COMPLETED,20694334,INR,2025-07-18T20:47:13.545Z,2025-05-03T06:09:03.289Z,2024-07-07T05:32:41.924Z,2024-04-22T15:03:14.322Z,u5
po581,s5,COMPLETED,5816853,INR,2026-02-12T07:25:03.123Z,2024-10-06T18:44:46.225Z,2024-09-22T12:47:21.808Z,2024-12-19T23:38:40.518Z,u8
po582,s28,COMPLETED,3438790,INR,2024-11-03T15:04:27.487Z,2024-03-20T14:17:01.248Z,2024-06-23T18:51:40.323Z,2025-02-10T06:54:38.417Z,u10
po583,s17,COMPLETED,4440362,INR,2025-03-20T12:03:46.763Z,2025-11-05T08:18:38.266Z,2024-06-08T12:59:56.833Z,2026-01-09T11:23:03.460Z,u9
po584,s12,COMPLETED,5033591,INR,2026-01-14T18:04:54.277Z,2025-10-27T22:58:17.313Z,2025-02-27T12:21:40.085Z,2024-12-02T16:43:42.065Z,u5
po585,s16,COMPLETED,4707164,INR,2025-01-17T19:16:36.496Z,2025-08-16T01:07:53.533Z,2026-03-01T09:45:00.766Z,2024-09-26T02:35:58.515Z,u9
po586,s19,COMPLETED,3711198,INR,2025-01-02T16:39:44.075Z,2025-04-20T12:20:56.530Z,2025-12-23T04:19:31.620Z,2024-07-28T06:51:44.916Z,u7
po587,s6,COMPLETED,8776829,INR,2026-01-26T06:42:23.453Z,2024-03-31T12:36:58.073Z,2024-09-21T20:31:53.162Z,2025-01-23T03:57:18.441Z,u2
po588,s19,COMPLETED,2966772,INR,2025-04-03T08:13:12.287Z,2025-08-29T09:31:48.994Z,2026-02-16T17:34:18.266Z,2025-09-09T18:28:12.689Z,u5
po589,s1,COMPLETED,41499,INR,2025-01-25T07:48:55.497Z,2024-07-11T22:34:27.128Z,2024-05-20T21:28:54.597Z,2026-01-18T21:48:55.640Z,u5
po590,s7,COMPLETED,672426,INR,2024-10-29T06:42:08.334Z,2025-01-25T21:13:04.535Z,2025-08-28T11:06:25.989Z,2025-07-30T07:22:33.779Z,u10
po591,s17,COMPLETED,1752823,INR,2026-01-05T07:30:10.959Z,2025-05-22T16:57:55.678Z,2025-05-20T05:00:08.713Z,2025-03-24T17:48:43.812Z,u8
po592,s8,COMPLETED,5632887,INR,2024-10-13T03:16:46.191Z,2024-10-16T06:17:28.107Z,2024-07-22T05:24:44.416Z,2025-03-05T20:44:45.438Z,u3
po593,s12,COMPLETED,1884750,INR,2025-04-05T15:59:52.666Z,2025-09-27T14:26:40.927Z,2024-12-12T01:04:15.748Z,2024-12-22T03:13:37.118Z,u4
po594,s27,COMPLETED,14320979,INR,2024-04-15T20:50:38.316Z,2026-01-14T16:39:10.386Z,2025-05-09T23:50:51.686Z,2026-01-16T01:17:10.180Z,u3
po595,s24,COMPLETED,7509140,INR,2024-03-12T21:19:18.923Z,2024-10-20T23:10:31.377Z,2024-11-14T17:02:30.636Z,2024-08-22T21:13:38.500Z,u6
po596,s23,COMPLETED,9063497,INR,2024-03-29T14:04:13.814Z,2024-12-13T19:32:21.043Z,2024-10-21T04:28:57.154Z,2025-03-19T08:30:46.886Z,u2
po597,s24,COMPLETED,3856114,INR,2025-10-20T04:24:46.767Z,2024-03-17T06:01:34.783Z,2025-01-05T00:31:47.021Z,2024-04-01T22:49:50.292Z,u8
po598,s30,COMPLETED,2176690,INR,2025-12-08T11:17:44.699Z,2026-02-08T16:11:59.927Z,2024-05-01T19:36:06.153Z,2025-04-05T08:57:18.732Z,u9
po599,s13,COMPLETED,11941209,INR,2025-08-23T17:01:35.780Z,2025-04-20T02:58:48.289Z,2025-05-13T21:56:08.663Z,2024-08-23T13:33:01.503Z,u6
po600,s29,COMPLETED,775109,INR,2024-04-11T03:31:45.593Z,2024-10-24T02:51:30.231Z,2025-06-01T15:28:05.314Z,2025-09-09T20:32:22.592Z,u8