id,orderId,productId,quantity,price
poi1,po1,p164,25,79241
poi2,po1,p153,20,56769
poi3,po1,p253,68,73625
poi4,po1,p151,37,46126
poi5,po2,p341,45,58854
poi6,po3,p175,83,13757
poi7,po3,p163,60,9301
poi8,po3,p166,31,44191
poi9,po3,p172,47,40398
poi10,po3,p339,13,30308
poi11,po4,p207,22,49525
poi12,po4,p182,98,58207
poi13,po4,p328,92,44736
poi14,po4,p150,46,30855
poi15,po4,p263,29,76523
poi16,po5,p277,33,39567
poi17,po5,p372,59,78769
poi18,po5,p159,90,48731
poi19,po5,p385,89,71182
poi20,po6,p183,76,3658
poi21,po6,p119,23,50118
poi22,po7,p224,85,65055
poi23,po7,p63,88,59519
poi24,po8,p99,57,3476
poi25,po8,p369,99,49938
poi26,po9,p149,90,8790
poi27,po9,p313,82,24136
poi28,po9,p339,16,30308
poi29,po9,p230,52,34327
poi30,po9,p43,77,5996
poi31,po10,p49,52,29326
poi32,po10,p1,88,77179
poi33,po11,p310,25,55242
poi34,po12,p159,90,48731
poi35,po13,p187,79,65659
poi36,po13,p40,27,63698
poi37,po13,p23,72,68856
poi38,po13,p71,78,67085
poi39,po14,p308,35,50541
poi40,po14,p331,34,10728
poi41,po14,p376,18,55814
poi42,po14,p297,14,28944
poi43,po15,p40,89,63698
poi44,po16,p167,55,41246
poi45,po16,p266,62,2121
poi46,po17,p349,99,37144
poi47,po17,p201,91,42200
poi48,po17,p7,22,7902
poi49,po18,p5,75,23291
poi50,po18,p43,69,5996
poi51,po18,p220,27,2818
poi52,po19,p167,71,41246
poi53,po19,p55,33,19638
poi54,po19,p120,59,23941
poi55,po19,p352,94,63952
poi56,po20,p47,14,48233
poi57,po20,p244,12,5538
poi58,po21,p232,46,62825
poi59,po21,p374,83,33586
poi60,po21,p394,63,57960
poi61,po21,p297,56,28944
poi62,po22,p17,88,39968
poi63,po22,p56,35,52186
poi64,po22,p329,50,56246
poi65,po22,p161,27,26907
poi66,po22,p109,94,17566
poi67,po23,p212,30,8914
poi68,po23,p235,25,39357
poi69,po23,p286,74,20419
poi70,po23,p354,67,75850
poi71,po24,p177,22,23115
poi72,po24,p176,54,41999
poi73,po24,p332,26,42575
poi74,po25,p197,60,477
poi75,po25,p282,85,43780
poi76,po25,p364,44,66869
poi77,po25,p108,95,66652
poi78,po25,p202,70,48999
poi79,po26,p388,25,72208
poi80,po26,p189,50,18888
poi81,po27,p173,63,22798
poi82,po27,p165,98,65866
poi83,po27,p188,39,42439
poi84,po27,p212,73,8914
poi85,po28,p174,88,17857
poi86,po28,p16,16,66379
poi87,po28,p225,41,42389
poi88,po28,p373,49,4112
poi89,po29,p371,66,32547
poi90,po29,p65,81,77216
poi91,po29,p205,70,66360
poi92,po30,p134,60,56311
poi93,po31,p247,98,21346
poi94,po31,p71,32,67085
poi95,po31,p292,95,43795
poi96,po31,p355,12,6659
poi97,po32,p253,65,73625
poi98,po32,p214,51,56485
poi99,po32,p268,79,66361
poi100,po33,p143,94,16027
poi101,po33,p25,20,52187
poi102,po33,p258,98,36305
poi103,po33,p27,61,20344
poi104,po34,p109,24,17566
poi105,po35,p397,31,10434
poi106,po36,p378,43,47833
poi107,po36,p276,98,75508
poi108,po37,p225,84,42389
poi109,po37,p248,44,9756
poi110,po38,p8,28,47763
poi111,po39,p74,48,21467
poi112,po39,p337,53,42377
poi113,po39,p58,45,16123
poi114,po39,p66,52,9453
poi115,po40,p65,26,77216
poi116,po40,p24,22,26566
poi117,po40,p379,86,1193
poi118,po41,p121,21,45983
poi119,po41,p239,58,68757
poi120,po41,p199,65,22533
poi121,po41,p237,93,3231
poi122,po42,p164,94,79241
poi123,po42,p49,41,29326
poi124,po42,p245,66,33571
poi125,po42,p282,65,43780
poi126,po43,p9,78,49351
poi127,po43,p380,10,78237
poi128,po43,p210,13,2047
poi129,po43,p388,99,72208
poi130,po43,p42,90,77110
poi131,po44,p325,27,11272
poi132,po44,p170,73,19633
poi133,po44,p222,70,40165
poi134,po44,p36,44,45911
poi135,po44,p245,52,33571
poi136,po45,p381,19,52919
poi137,po45,p261,92,10957
poi138,po45,p102,94,72261
poi139,po45,p321,66,13812
poi140,po46,p239,22,68757
poi141,po46,p87,38,41593
poi142,po46,p243,31,74618
poi143,po47,p122,10,4138
poi144,po48,p44,100,2627
poi145,po48,p385,12,71182
poi146,po48,p136,16,77501
poi147,po48,p372,72,78769
poi148,po49,p229,41,71965
poi149,po49,p132,27,60353
poi150,po50,p57,46,19910
poi151,po50,p308,48,50541
poi152,po50,p25,56,52187
poi153,po51,p246,72,64168
poi154,po51,p231,37,177
poi155,po51,p120,75,23941
poi156,po52,p117,17,61803
poi157,po52,p86,95,710
poi158,po53,p308,72,50541
poi159,po53,p23,80,68856
poi160,po54,p263,46,76523
poi161,po54,p309,39,75859
poi162,po55,p320,37,75261
poi163,po56,p72,78,15103
poi164,po56,p79,93,36378
poi165,po56,p11,21,68567
poi166,po56,p269,84,18553
poi167,po56,p224,43,65055
poi168,po57,p1,22,77179
poi169,po57,p357,87,29886
poi170,po57,p376,69,55814
poi171,po58,p187,97,65659
poi172,po58,p400,19,59708
poi173,po58,p5,100,23291
poi174,po58,p108,34,66652
poi175,po58,p241,97,44546
poi176,po59,p183,97,3658
poi177,po59,p265,65,27986
poi178,po59,p72,87,15103
poi179,po59,p144,42,60965
poi180,po59,p236,59,9251
poi181,po60,p160,47,53153
poi182,po61,p304,27,10768
poi183,po61,p128,31,53323
poi184,po61,p70,14,32644
poi185,po61,p292,91,43795
poi186,po62,p302,70,59162
poi187,po62,p388,42,72208
poi188,po62,p19,67,33414
poi189,po62,p8,24,47763
poi190,po63,p4,68,39663
poi191,po63,p127,99,18217
poi192,po64,p50,83,9217
poi193,po64,p357,78,29886
poi194,po64,p33,73,37782
poi195,po64,p335,59,12997
poi196,po65,p316,59,64112
poi197,po65,p7,52,7902
poi198,po65,p24,47,26566
poi199,po65,p247,40,21346
poi200,po66,p191,57,47146
poi201,po66,p78,36,30007
poi202,po66,p343,100,21631
poi203,po66,p128,86,53323
poi204,po67,p236,92,9251
poi205,po67,p292,47,43795
poi206,po67,p390,70,50297
poi207,po68,p48,78,52118
poi208,po68,p271,48,40413
poi209,po69,p338,52,28918
poi210,po69,p179,53,58839
poi211,po70,p266,27,2121
poi212,po70,p191,78,47146
poi213,po71,p181,58,24331
poi214,po71,p125,86,23907
poi215,po71,p158,34,3289
poi216,po71,p77,73,66130
poi217,po71,p380,24,78237
poi218,po72,p237,90,3231
poi219,po73,p19,68,33414
poi220,po74,p307,90,45784
poi221,po74,p189,81,18888
poi222,po74,p278,53,74731
poi223,po74,p104,32,42489
poi224,po74,p206,95,67674
poi225,po75,p112,16,43868
poi226,po75,p11,27,68567
poi227,po76,p315,20,69855
poi228,po76,p235,48,39357
poi229,po76,p383,54,70592
poi230,po77,p257,58,62231
poi231,po77,p110,54,55985
poi232,po78,p358,64,20040
poi233,po78,p100,91,48135
poi234,po78,p277,40,39567
poi235,po78,p362,94,4907
poi236,po78,p64,17,28526
poi237,po79,p359,63,776
poi238,po79,p335,88,12997
poi239,po79,p160,18,53153
poi240,po79,p214,94,56485
poi241,po79,p35,67,22518
poi242,po80,p116,60,43254
poi243,po80,p211,45,33591
poi244,po81,p295,89,38794
poi245,po81,p167,14,41246
poi246,po81,p327,61,54635
poi247,po81,p118,90,50692
poi248,po82,p60,71,37512
poi249,po82,p272,22,61091
poi250,po82,p101,55,73591
poi251,po82,p282,90,43780
poi252,po82,p56,83,52186
poi253,po83,p155,96,54620
poi254,po83,p286,56,20419
poi255,po83,p231,89,177
poi256,po84,p264,18,44796
poi257,po84,p258,59,36305
poi258,po84,p22,67,3673
poi259,po84,p134,77,56311
poi260,po84,p212,83,8914
poi261,po85,p245,11,33571
poi262,po85,p224,39,65055
poi263,po85,p43,75,5996
poi264,po86,p139,77,33494
poi265,po86,p87,43,41593
poi266,po86,p212,46,8914
poi267,po86,p227,10,76684
poi268,po87,p31,65,51520
poi269,po87,p246,24,64168
poi270,po88,p239,98,68757
poi271,po88,p188,40,42439
poi272,po88,p354,20,75850
poi273,po88,p354,35,75850
poi274,po88,p160,33,53153
poi275,po89,p50,63,9217
poi276,po89,p329,96,56246
poi277,po90,p377,18,4273
poi278,po91,p285,35,38810
poi279,po91,p179,51,58839
poi280,po91,p185,99,64354
poi281,po92,p224,62,65055
poi282,po92,p282,25,43780
poi283,po92,p23,69,68856
poi284,po93,p328,52,44736
poi285,po93,p263,83,76523
poi286,po93,p41,80,65963
poi287,po94,p142,82,22135
poi288,po94,p140,30,16904
poi289,po94,p277,51,39567
poi290,po94,p186,76,55465
poi291,po95,p263,79,76523
poi292,po96,p214,56,56485
poi293,po96,p285,86,38810
poi294,po96,p176,22,41999
poi295,po97,p382,58,18130
poi296,po97,p63,22,59519
poi297,po98,p184,75,10152
poi298,po98,p288,55,51427
poi299,po99,p58,93,16123
poi300,po99,p280,75,17377
poi301,po99,p231,39,177
poi302,po99,p25,22,52187
poi303,po99,p368,71,26863
poi304,po100,p271,15,40413
poi305,po100,p388,80,72208
poi306,po100,p12,55,68502
poi307,po100,p248,43,9756
poi308,po100,p316,98,64112
poi309,po101,p64,66,28526
poi310,po101,p301,24,69834
poi311,po101,p276,80,75508
poi312,po102,p332,84,42575
poi313,po102,p126,11,37575
poi314,po103,p166,60,44191
poi315,po103,p185,56,64354
poi316,po103,p84,100,38466
poi317,po104,p396,14,4919
poi318,po104,p105,67,57989
poi319,po104,p205,93,66360
poi320,po104,p4,40,39663
poi321,po105,p333,98,13777
poi322,po105,p305,66,23857
poi323,po105,p205,21,66360
poi324,po105,p236,83,9251
poi325,po105,p338,27,28918
poi326,po106,p94,76,72934
poi327,po107,p248,40,9756
poi328,po107,p45,57,17287
poi329,po107,p176,88,41999
poi330,po107,p377,25,4273
poi331,po107,p400,23,59708
poi332,po108,p30,48,63710
poi333,po108,p310,27,55242
poi334,po109,p293,38,71208
poi335,po109,p283,33,24052
poi336,po109,p146,74,56607
poi337,po109,p345,12,51348
poi338,po110,p91,88,36147
poi339,po110,p129,19,25099
poi340,po110,p353,29,70158
poi341,po110,p77,74,66130
poi342,po110,p198,14,50408
poi343,po111,p41,33,65963
poi344,po111,p236,96,9251
poi345,po111,p200,24,74904
poi346,po111,p172,36,40398
poi347,po111,p46,83,32641
poi348,po112,p138,72,78960
poi349,po112,p292,36,43795
poi350,po112,p290,17,11319
poi351,po113,p52,76,40647
poi352,po113,p197,71,477
poi353,po113,p257,57,62231
poi354,po114,p70,65,32644
poi355,po114,p143,63,16027
poi356,po114,p200,61,74904
poi357,po114,p141,73,24364
poi358,po114,p391,97,43662
poi359,po115,p136,13,77501
poi360,po115,p266,49,2121
poi361,po116,p17,31,39968
poi362,po116,p52,19,40647
poi363,po116,p145,43,57189
poi364,po116,p130,66,58876
poi365,po117,p119,75,50118
poi366,po118,p239,67,68757
poi367,po118,p60,90,37512
poi368,po119,p346,14,4470
poi369,po120,p35,72,22518
poi370,po120,p208,11,4419
poi371,po120,p194,56,32767
poi372,po120,p220,24,2818
poi373,po121,p65,71,77216
poi374,po121,p340,16,2057
poi375,po121,p300,18,33558
poi376,po122,p226,29,27618
poi377,po122,p229,48,71965
poi378,po122,p110,49,55985
poi379,po123,p45,73,17287
poi380,po123,p218,16,27146
poi381,po123,p52,26,40647
poi382,po123,p113,15,70699
poi383,po124,p274,94,49799
poi384,po124,p370,25,69043
poi385,po124,p45,39,17287
poi386,po125,p284,45,19674
poi387,po125,p290,15,11319
poi388,po125,p171,66,67572
poi389,po126,p50,76,9217
poi390,po127,p387,97,60386
poi391,po127,p74,34,21467
poi392,po128,p180,23,57210
poi393,po128,p99,41,3476
poi394,po128,p38,73,71936
poi395,po128,p200,43,74904
poi396,po128,p205,17,66360
poi397,po129,p1,26,77179
poi398,po129,p168,52,22872
poi399,po129,p216,71,75122
poi400,po129,p240,81,63310
poi401,po129,p365,41,6756
poi402,po130,p154,14,32721
poi403,po130,p72,16,15103
poi404,po130,p79,17,36378
poi405,po130,p13,77,73689
poi406,po131,p147,35,72890
poi407,po131,p81,18,47383
poi408,po131,p80,56,43567
poi409,po131,p143,41,16027
poi410,po131,p343,44,21631
poi411,po132,p295,74,38794
poi412,po132,p169,67,4467
poi413,po132,p326,54,77256
poi414,po132,p288,39,51427
poi415,po132,p367,54,43847
poi416,po133,p275,10,13628
poi417,po133,p282,46,43780
poi418,po133,p206,48,67674
poi419,po133,p140,88,16904
poi420,po134,p357,15,29886
poi421,po134,p54,52,35865
poi422,po134,p100,69,48135
poi423,po134,p140,80,16904
poi424,po134,p84,64,38466
poi425,po135,p92,27,49657
poi426,po135,p180,64,57210
poi427,po136,p129,90,25099
poi428,po136,p294,68,887
poi429,po136,p116,35,43254
poi430,po136,p290,39,11319
poi431,po137,p377,36,4273
poi432,po138,p132,37,60353
poi433,po138,p116,86,43254
poi434,po138,p129,81,25099
poi435,po138,p232,87,62825
poi436,po138,p42,25,77110
poi437,po139,p154,41,32721
poi438,po139,p279,92,4053
poi439,po140,p186,27,55465
poi440,po140,p260,28,39089
poi441,po140,p36,50,45911
poi442,po141,p254,11,68416
poi443,po141,p362,59,4907
poi444,po141,p84,80,38466
poi445,po141,p164,78,79241
poi446,po141,p105,75,57989
poi447,po142,p106,25,62354
poi448,po142,p65,49,77216
poi449,po142,p291,36,26374
poi450,po142,p173,91,22798
poi451,po142,p22,50,3673
poi452,po143,p236,70,9251
poi453,po143,p17,33,39968
poi454,po143,p20,74,42689
poi455,po143,p266,25,2121
poi456,po144,p261,99,10957
poi457,po145,p313,14,24136
poi458,po145,p227,41,76684
poi459,po146,p370,63,69043
poi460,po146,p217,84,47082
poi461,po146,p358,54,20040
poi462,po146,p324,17,2008
poi463,po147,p91,86,36147
poi464,po147,p366,70,37121
poi465,po147,p291,13,26374
poi466,po147,p65,11,77216
poi467,po147,p11,48,68567
poi468,po148,p233,44,33869
poi469,po149,p181,41,24331
poi470,po149,p337,43,42377
poi471,po150,p223,12,70017
poi472,po150,p170,73,19633
poi473,po150,p354,12,75850
poi474,po150,p394,100,57960
poi475,po151,p205,40,66360
poi476,po151,p311,50,78071
poi477,po152,p262,32,39618
poi478,po153,p9,71,49351
poi479,po154,p142,45,22135
poi480,po154,p152,95,57299
poi481,po154,p269,84,18553
poi482,po155,p316,34,64112
poi483,po155,p108,88,66652
poi484,po155,p176,61,41999
poi485,po155,p160,12,53153
poi486,po155,p277,70,39567
poi487,po156,p293,96,71208
poi488,po156,p322,94,33080
poi489,po156,p374,87,33586
poi490,po156,p118,29,50692
poi491,po156,p390,14,50297
poi492,po157,p164,36,79241
poi493,po157,p205,60,66360
poi494,po157,p311,88,78071
poi495,po158,p271,88,40413
poi496,po158,p319,47,5259
poi497,po159,p177,99,23115
poi498,po159,p262,66,39618
poi499,po160,p297,41,28944
poi500,po160,p396,29,4919
poi501,po161,p144,44,60965
poi502,po162,p295,18,38794
poi503,po162,p346,81,4470
poi504,po163,p227,70,76684
poi505,po163,p170,23,19633
poi506,po163,p358,57,20040
poi507,po163,p370,40,69043
poi508,po164,p319,66,5259
poi509,po164,p190,16,63181
poi510,po164,p44,70,2627
poi511,po164,p262,65,39618
poi512,po165,p142,75,22135
poi513,po165,p322,94,33080
poi514,po166,p364,86,66869
poi515,po166,p349,63,37144
poi516,po166,p165,81,65866
poi517,po167,p304,97,10768
poi518,po167,p106,13,62354
poi519,po167,p305,77,23857
poi520,po167,p384,62,1077
poi521,po168,p171,87,67572
poi522,po168,p127,25,18217
poi523,po169,p64,97,28526
poi524,po169,p3,87,34402
poi525,po170,p45,18,17287
poi526,po170,p346,48,4470
poi527,po170,p89,76,17947
poi528,po170,p10,42,57582
poi529,po170,p57,40,19910
poi530,po171,p68,69,79445
poi531,po171,p83,57,17803
poi532,po171,p168,62,22872
poi533,po172,p112,31,43868
poi534,po172,p55,16,19638
poi535,po173,p332,55,42575
poi536,po173,p251,63,17257
poi537,po173,p337,75,42377
poi538,po173,p100,16,48135
poi539,po173,p214,53,56485
poi540,po174,p325,55,11272
poi541,po174,p9,57,49351
poi542,po175,p38,62,71936
poi543,po175,p205,85,66360
poi544,po175,p206,40,67674
poi545,po175,p235,82,39357
poi546,po176,p230,73,34327
poi547,po176,p279,15,4053
poi548,po177,p391,15,43662
poi549,po177,p87,73,41593
poi550,po178,p159,58,48731
poi551,po178,p28,64,54759
poi552,po178,p119,70,50118
poi553,po178,p347,83,76223
poi554,po179,p223,28,70017
poi555,po179,p267,45,26211
poi556,po179,p390,49,50297
poi557,po179,p75,70,3841
poi558,po180,p135,40,15127
poi559,po180,p41,54,65963
poi560,po180,p181,99,24331
poi561,po181,p390,88,50297
poi562,po181,p201,30,42200
poi563,po181,p54,69,35865
poi564,po181,p250,27,60391
poi565,po181,p151,48,46126
poi566,po182,p330,65,23924
poi567,po183,p163,42,9301
poi568,po183,p391,79,43662
poi569,po183,p297,50,28944
poi570,po183,p349,76,37144
poi571,po184,p285,79,38810
poi572,po184,p175,38,13757
poi573,po184,p260,33,39089
poi574,po185,p154,41,32721
poi575,po185,p44,24,2627
poi576,po186,p76,13,52624
poi577,po186,p279,55,4053
poi578,po186,p365,85,6756
poi579,po187,p321,85,13812
poi580,po187,p224,97,65055
poi581,po187,p67,22,16535
poi582,po188,p289,89,46107
poi583,po188,p94,56,72934
poi584,po188,p153,41,56769
poi585,po188,p323,25,25594
poi586,po189,p164,89,79241
poi587,po189,p196,12,66509
poi588,po189,p307,94,45784
poi589,po189,p336,50,8144
poi590,po190,p293,33,71208
poi591,po190,p128,35,53323
poi592,po191,p147,60,72890
poi593,po191,p278,28,74731
poi594,po192,p392,60,8779
poi595,po192,p333,33,13777
poi596,po193,p301,70,69834
poi597,po193,p152,92,57299
poi598,po193,p263,35,76523
poi599,po193,p344,24,22393
poi600,po193,p350,20,39842
poi601,po194,p261,29,10957
poi602,po195,p160,65,53153
poi603,po195,p57,77,19910
poi604,po195,p235,61,39357
poi605,po195,p297,91,28944
poi606,po196,p66,66,9453
poi607,po196,p219,48,33587
poi608,po196,p159,56,48731
poi609,po196,p128,18,53323
poi610,po196,p98,81,69052
poi611,po197,p122,79,4138
poi612,po197,p95,61,56233
poi613,po197,p242,88,8145
poi614,po197,p327,25,54635
poi615,po197,p379,48,1193
poi616,po198,p55,44,19638
poi617,po199,p50,88,9217
poi618,po199,p151,61,46126
poi619,po200,p54,82,35865
poi620,po200,p131,74,10664
poi621,po200,p183,64,3658
poi622,po201,p363,85,59741
poi623,po201,p144,68,60965
poi624,po201,p100,28,48135
poi625,po201,p308,89,50541
poi626,po201,p104,89,42489
poi627,po202,p313,89,24136
poi628,po202,p290,41,11319
poi629,po202,p131,25,10664
poi630,po202,p90,100,22285
poi631,po203,p178,25,42857
poi632,po204,p136,27,77501
poi633,po204,p346,33,4470
poi634,po204,p276,75,75508
poi635,po205,p105,98,57989
poi636,po205,p327,60,54635
poi637,po205,p70,58,32644
poi638,po205,p284,80,19674
poi639,po206,p297,45,28944
poi640,po207,p297,90,28944
poi641,po207,p126,86,37575
poi642,po207,p162,78,20100
poi643,po207,p326,76,77256
poi644,po207,p208,25,4419
poi645,po208,p80,59,43567
poi646,po208,p96,93,72346
poi647,po208,p394,31,57960
poi648,po208,p239,88,68757
poi649,po209,p143,20,16027
poi650,po210,p16,99,66379
poi651,po210,p176,83,41999
poi652,po210,p66,94,9453
poi653,po210,p96,13,72346
poi654,po210,p64,92,28526
poi655,po211,p263,74,76523
poi656,po212,p238,78,32847
poi657,po213,p132,63,60353
poi658,po213,p144,49,60965
poi659,po214,p72,12,15103
poi660,po214,p248,14,9756
poi661,po215,p278,87,74731
poi662,po215,p320,31,75261
poi663,po215,p312,92,19930
poi664,po215,p160,16,53153
poi665,po216,p322,26,33080
poi666,po216,p282,39,43780
poi667,po217,p356,35,4880
poi668,po217,p3,22,34402
poi669,po217,p53,25,20015
poi670,po217,p272,39,61091
poi671,po217,p395,95,5307
poi672,po218,p247,15,21346
poi673,po218,p249,59,8198
poi674,po218,p30,20,63710
poi675,po218,p1,76,77179
poi676,po219,p233,65,33869
poi677,po219,p58,27,16123
poi678,po219,p42,63,77110
poi679,po220,p366,75,37121
poi680,po221,p241,22,44546
poi681,po221,p227,66,76684
poi682,po221,p56,62,52186
poi683,po221,p45,16,17287
poi684,po221,p27,66,20344
poi685,po222,p7,57,7902
poi686,po222,p311,69,78071
poi687,po222,p224,57,65055
poi688,po222,p101,95,73591
poi689,po222,p220,78,2818
poi690,po223,p100,98,48135
poi691,po224,p46,49,32641
poi692,po224,p386,49,28680
poi693,po224,p143,77,16027
poi694,po225,p135,52,15127
poi695,po225,p156,49,34779
poi696,po226,p232,24,62825
poi697,po226,p343,13,21631
poi698,po227,p145,87,57189
poi699,po227,p383,50,70592
poi700,po227,p129,50,25099
poi701,po227,p87,22,41593
poi702,po227,p299,72,35149
poi703,po228,p56,25,52186
poi704,po228,p240,68,63310
poi705,po228,p34,29,79041
poi706,po228,p128,65,53323
poi707,po228,p68,15,79445
poi708,po229,p145,51,57189
poi709,po230,p238,66,32847
poi710,po230,p187,74,65659
poi711,po230,p77,98,66130
poi712,po231,p78,65,30007
poi713,po231,p321,61,13812
poi714,po232,p58,11,16123
poi715,po232,p367,12,43847
poi716,po232,p323,95,25594
poi717,po233,p162,45,20100
poi718,po233,p53,61,20015
poi719,po234,p72,67,15103
poi720,po234,p119,14,50118
poi721,po234,p397,66,10434
poi722,po234,p119,100,50118
poi723,po234,p239,98,68757
poi724,po235,p65,22,77216
poi725,po235,p339,24,30308
poi726,po236,p344,100,22393
poi727,po237,p28,26,54759
poi728,po238,p11,47,68567
poi729,po238,p347,49,76223
poi730,po239,p86,32,710
poi731,po239,p60,29,37512
poi732,po239,p325,32,11272
poi733,po240,p279,94,4053
poi734,po240,p14,46,54970
poi735,po240,p177,48,23115
poi736,po240,p183,19,3658
poi737,po241,p93,31,31082
poi738,po241,p290,21,11319
poi739,po241,p178,10,42857
poi740,po241,p53,41,20015
poi741,po241,p239,13,68757
poi742,po242,p290,70,11319
poi743,po242,p349,40,37144
poi744,po243,p262,73,39618
poi745,po243,p145,81,57189
poi746,po244,p73,76,30330
poi747,po244,p163,11,9301
poi748,po244,p319,76,5259
poi749,po244,p268,63,66361
poi750,po244,p98,90,69052
poi751,po245,p14,74,54970
poi752,po245,p229,14,71965
poi753,po245,p322,92,33080
poi754,po245,p102,29,72261
poi755,po245,p287,89,15151
poi756,po246,p284,49,19674
poi757,po246,p32,63,31619
poi758,po246,p301,89,69834
poi759,po246,p288,28,51427
poi760,po247,p364,83,66869
poi761,po247,p337,93,42377
poi762,po247,p214,39,56485
poi763,po248,p334,26,25767
poi764,po248,p27,19,20344
poi765,po248,p144,88,60965
poi766,po248,p112,90,43868
poi767,po249,p80,44,43567
poi768,po249,p330,86,23924
poi769,po249,p277,11,39567
poi770,po249,p288,77,51427
poi771,po249,p88,22,15360
poi772,po250,p280,37,17377
poi773,po250,p16,81,66379
poi774,po250,p298,79,1482
poi775,po250,p315,86,69855
poi776,po251,p256,49,52085
poi777,po252,p202,67,48999
poi778,po253,p287,17,15151
poi779,po253,p362,32,4907
poi780,po253,p17,92,39968
poi781,po253,p78,44,30007
poi782,po253,p274,99,49799
poi783,po254,p223,34,70017
poi784,po254,p125,87,23907
poi785,po254,p386,64,28680
poi786,po254,p55,94,19638
poi787,po255,p319,54,5259
poi788,po256,p45,26,17287
poi789,po256,p369,28,49938
poi790,po256,p5,92,23291
poi791,po257,p231,29,177
poi792,po257,p268,12,66361
poi793,po257,p138,60,78960
poi794,po257,p64,100,28526
poi795,po258,p55,81,19638
poi796,po258,p303,81,79948
poi797,po259,p150,57,30855
poi798,po260,p36,40,45911
poi799,po261,p220,25,2818
poi800,po261,p249,79,8198
poi801,po262,p398,74,2585
poi802,po262,p287,97,15151
poi803,po262,p117,19,61803
poi804,po263,p358,69,20040
poi805,po263,p278,81,74731
poi806,po263,p263,30,76523
poi807,po263,p208,54,4419
poi808,po263,p151,89,46126
poi809,po264,p211,59,33591
poi810,po264,p169,70,4467
poi811,po264,p341,60,58854
poi812,po264,p300,13,33558
poi813,po265,p35,28,22518
poi814,po265,p70,29,32644
poi815,po266,p282,24,43780
poi816,po266,p70,90,32644
poi817,po267,p58,10,16123
poi818,po268,p52,57,40647
poi819,po268,p287,81,15151
poi820,po268,p341,24,58854
poi821,po268,p179,30,58839
poi822,po268,p121,93,45983
poi823,po269,p332,91,42575
poi824,po269,p364,29,66869
poi825,po270,p300,66,33558
poi826,po270,p386,52,28680
poi827,po270,p88,90,15360
poi828,po270,p113,97,70699
poi829,po271,p62,97,23299
poi830,po272,p194,45,32767
poi831,po272,p53,54,20015
poi832,po272,p241,11,44546
poi833,po272,p245,19,33571
poi834,po272,p356,93,4880
poi835,po273,p73,47,30330
poi836,po273,p332,24,42575
poi837,po274,p188,21,42439
poi838,po275,p320,62,75261
poi839,po275,p335,19,12997
poi840,po275,p97,30,39476
poi841,po276,p351,15,3144
poi842,po276,p249,79,8198
poi843,po276,p303,88,79948
poi844,po276,p203,10,27385
poi845,po276,p50,95,9217
poi846,po277,p308,56,50541
poi847,po277,p70,62,32644
poi848,po277,p379,54,1193
poi849,po277,p245,98,33571
poi850,po278,p370,11,69043
poi851,po278,p54,65,35865
poi852,po278,p50,25,9217
poi853,po278,p154,35,32721
poi854,po278,p320,99,75261
poi855,po279,p130,75,58876
poi856,po280,p339,81,30308
poi857,po280,p261,48,10957
poi858,po281,p54,65,35865
poi859,po281,p286,60,20419
poi860,po281,p283,77,24052
poi861,po281,p222,34,40165
poi862,po282,p325,49,11272
poi863,po283,p321,51,13812
poi864,po283,p292,28,43795
poi865,po283,p286,20,20419
poi866,po283,p170,14,19633
poi867,po283,p30,76,63710
poi868,po284,p178,64,42857
poi869,po284,p202,87,48999
poi870,po284,p118,91,50692
poi871,po284,p164,35,79241
poi872,po284,p291,40,26374
poi873,po285,p338,96,28918
poi874,po285,p324,61,2008
poi875,po285,p98,45,69052
poi876,po285,p164,54,79241
poi877,po285,p248,85,9756
poi878,po286,p80,50,43567
poi879,po286,p4,94,39663
poi880,po286,p354,51,75850
poi881,po286,p366,88,37121
poi882,po287,p142,13,22135
poi883,po287,p133,23,62657
poi884,po287,p116,70,43254
poi885,po287,p303,35,79948
poi886,po288,p193,96,7549
poi887,po288,p52,23,40647
poi888,po288,p400,81,59708
poi889,po288,p370,96,69043
poi890,po289,p366,19,37121
poi891,po289,p38,94,71936
poi892,po289,p236,79,9251
poi893,po290,p32,48,31619
poi894,po290,p102,47,72261
poi895,po290,p324,56,2008
poi896,po291,p67,65,16535
poi897,po291,p301,54,69834
poi898,po291,p7,68,7902
poi899,po291,p338,57,28918
poi900,po291,p328,12,44736
poi901,po292,p280,57,17377
poi902,po293,p50,53,9217
poi903,po294,p118,21,50692
poi904,po294,p135,100,15127
poi905,po294,p228,58,43302
poi906,po294,p184,71,10152
poi907,po295,p93,85,31082
poi908,po295,p231,20,177
poi909,po295,p306,66,3954
poi910,po296,p337,29,42377
poi911,po296,p179,99,58839
poi912,po296,p15,79,1084
poi913,po296,p286,91,20419
poi914,po296,p166,84,44191
poi915,po297,p327,55,54635
poi916,po297,p187,34,65659
poi917,po297,p339,17,30308
poi918,po298,p360,97,30091
poi919,po298,p205,41,66360
poi920,po298,p262,51,39618
poi921,po299,p300,51,33558
poi922,po300,p92,16,49657
poi923,po300,p128,99,53323
poi924,po300,p178,98,42857
poi925,po300,p399,54,2897
poi926,po300,p357,49,29886
poi927,po301,p251,33,17257
poi928,po302,p102,56,72261
poi929,po303,p28,86,54759
poi930,po304,p67,11,16535
poi931,po305,p308,81,50541
poi932,po305,p137,32,16252
poi933,po305,p101,31,73591
poi934,po306,p12,55,68502
poi935,po306,p139,62,33494
poi936,po306,p153,15,56769
poi937,po306,p345,83,51348
poi938,po307,p95,40,56233
poi939,po307,p15,43,1084
poi940,po307,p347,17,76223
poi941,po308,p138,15,78960
poi942,po308,p202,44,48999
poi943,po308,p188,34,42439
poi944,po308,p397,54,10434
poi945,po308,p104,74,42489
poi946,po309,p39,16,41796
poi947,po309,p370,99,69043
poi948,po309,p313,84,24136
poi949,po309,p103,43,15317
poi950,po310,p357,27,29886
poi951,po310,p280,62,17377
poi952,po311,p399,20,2897
poi953,po311,p223,29,70017
poi954,po311,p56,84,52186
poi955,po312,p355,67,6659
poi956,po312,p273,68,72448
poi957,po312,p118,79,50692
poi958,po312,p312,58,19930
poi959,po312,p96,56,72346
poi960,po313,p184,75,10152
poi961,po314,p260,24,39089
poi962,po314,p123,81,54852
poi963,po315,p65,27,77216
poi964,po315,p102,90,72261
poi965,po315,p213,14,56389
poi966,po316,p154,21,32721
poi967,po316,p125,45,23907
poi968,po316,p236,55,9251
poi969,po316,p49,63,29326
poi970,po316,p100,12,48135
poi971,po317,p190,96,63181
poi972,po318,p43,15,5996
poi973,po318,p91,29,36147
poi974,po318,p249,44,8198
poi975,po318,p22,80,3673
poi976,po318,p133,36,62657
poi977,po319,p125,65,23907
poi978,po319,p27,18,20344
poi979,po320,p168,87,22872
poi980,po320,p96,37,72346
poi981,po320,p55,45,19638
poi982,po321,p102,81,72261
poi983,po321,p394,41,57960
poi984,po321,p246,33,64168
poi985,po322,p135,17,15127
poi986,po322,p92,27,49657
poi987,po323,p3,83,34402
poi988,po323,p388,11,72208
poi989,po324,p135,49,15127
poi990,po324,p299,75,35149
poi991,po324,p216,59,75122
poi992,po324,p109,89,17566
poi993,po324,p260,100,39089
poi994,po325,p370,62,69043
poi995,po325,p368,78,26863
poi996,po325,p214,51,56485
poi997,po325,p210,82,2047
poi998,po325,p166,21,44191
poi999,po326,p388,22,72208
poi1000,po326,p46,55,32641
poi1001,po327,p196,74,66509
poi1002,po328,p45,35,17287
poi1003,po328,p369,26,49938
poi1004,po328,p117,42,61803
poi1005,po329,p310,33,55242
poi1006,po330,p30,70,63710
poi1007,po330,p93,13,31082
poi1008,po330,p286,74,20419
poi1009,po330,p240,33,63310
poi1010,po330,p119,45,50118
poi1011,po331,p279,64,4053
poi1012,po331,p330,68,23924
poi1013,po332,p149,66,8790
poi1014,po332,p82,65,8266
poi1015,po332,p165,64,65866
poi1016,po333,p121,55,45983
poi1017,po333,p372,61,78769
poi1018,po333,p214,17,56485
poi1019,po333,p361,42,10835
poi1020,po334,p51,98,15552
poi1021,po334,p207,82,49525
poi1022,po334,p147,58,72890
poi1023,po334,p121,89,45983
poi1024,po334,p290,93,11319
poi1025,po335,p51,57,15552
poi1026,po336,p250,38,60391
poi1027,po336,p96,62,72346
poi1028,po336,p292,68,43795
poi1029,po337,p85,97,58962
poi1030,po337,p127,73,18217
poi1031,po337,p146,74,56607
poi1032,po337,p305,72,23857
poi1033,po338,p31,73,51520
poi1034,po338,p66,68,9453
poi1035,po338,p259,59,63634
poi1036,po339,p106,100,62354
poi1037,po339,p82,34,8266
poi1038,po340,p390,75,50297
poi1039,po340,p120,98,23941
poi1040,po340,p103,23,15317
poi1041,po340,p90,37,22285
poi1042,po341,p266,85,2121
poi1043,po341,p285,55,38810
poi1044,po341,p170,57,19633
poi1045,po341,p57,42,19910
poi1046,po342,p254,87,68416
poi1047,po343,p255,99,7060
poi1048,po343,p327,93,54635
poi1049,po343,p266,30,2121
poi1050,po343,p87,80,41593
poi1051,po343,p242,28,8145
poi1052,po344,p60,77,37512
poi1053,po344,p73,34,30330
poi1054,po345,p143,12,16027
poi1055,po345,p325,31,11272
poi1056,po345,p302,84,59162
poi1057,po346,p141,66,24364
poi1058,po347,p394,40,57960
poi1059,po347,p254,85,68416
poi1060,po348,p54,43,35865
poi1061,po348,p44,20,2627
poi1062,po348,p156,62,34779
poi1063,po348,p351,91,3144
poi1064,po348,p254,77,68416
poi1065,po349,p257,92,62231
poi1066,po350,p230,12,34327
poi1067,po350,p217,90,47082
poi1068,po350,p121,92,45983
poi1069,po350,p332,80,42575
poi1070,po351,p119,62,50118
poi1071,po352,p221,90,7788
poi1072,po353,p198,44,50408
poi1073,po353,p2,61,22912
poi1074,po353,p200,78,74904
poi1075,po353,p156,25,34779
poi1076,po353,p398,35,2585
poi1077,po354,p132,41,60353
poi1078,po354,p290,46,11319
poi1079,po354,p64,18,28526
poi1080,po355,p318,72,48332
poi1081,po355,p160,11,53153
poi1082,po356,p228,17,43302
poi1083,po357,p283,47,24052
poi1084,po357,p7,17,7902
poi1085,po357,p375,31,46453
poi1086,po357,p79,45,36378
poi1087,po357,p390,68,50297
poi1088,po358,p193,93,7549
poi1089,po358,p242,23,8145
poi1090,po358,p281,92,10851
poi1091,po359,p281,28,10851
poi1092,po360,p276,30,75508
poi1093,po361,p97,38,39476
poi1094,po361,p286,31,20419
poi1095,po361,p292,25,43795
poi1096,po362,p66,28,9453
poi1097,po362,p238,69,32847
poi1098,po362,p124,68,35180
poi1099,po362,p33,92,37782
poi1100,po362,p24,51,26566
poi1101,po363,p239,34,68757
poi1102,po364,p203,37,27385
poi1103,po364,p270,90,37751
poi1104,po364,p371,51,32547
poi1105,po364,p97,10,39476
poi1106,po365,p286,63,20419
poi1107,po365,p202,18,48999
poi1108,po365,p176,20,41999
poi1109,po365,p193,32,7549
poi1110,po366,p231,87,177
poi1111,po367,p393,60,69749
poi1112,po367,p188,59,42439
poi1113,po367,p208,29,4419
poi1114,po367,p297,100,28944
poi1115,po367,p347,33,76223
poi1116,po368,p66,44,9453
poi1117,po369,p184,33,10152
poi1118,po369,p184,33,10152
poi1119,po370,p294,61,887
poi1120,po370,p20,57,42689
poi1121,po370,p143,57,16027
poi1122,po370,p30,39,63710
poi1123,po370,p91,95,36147
poi1124,po371,p297,98,28944
poi1125,po371,p185,68,64354
poi1126,po372,p345,42,51348
poi1127,po372,p60,93,37512
poi1128,po373,p260,33,39089
poi1129,po373,p327,78,54635
poi1130,po373,p165,32,65866
poi1131,po373,p233,74,33869
poi1132,po373,p354,29,75850
poi1133,po374,p94,44,72934
poi1134,po374,p264,92,44796
poi1135,po374,p292,66,43795
poi1136,po374,p285,55,38810
poi1137,po375,p288,37,51427
poi1138,po376,p174,22,17857
poi1139,po376,p199,39,22533
poi1140,po376,p204,97,73727
poi1141,po376,p294,31,887
poi1142,po377,p48,10,52118
poi1143,po377,p60,74,37512
poi1144,po377,p52,13,40647
poi1145,po377,p54,76,35865
poi1146,po377,p84,58,38466
poi1147,po378,p131,83,10664
poi1148,po378,p319,77,5259
poi1149,po378,p50,56,9217
poi1150,po378,p51,24,15552
poi1151,po379,p7,76,7902
poi1152,po379,p317,21,47687
poi1153,po379,p72,61,15103
poi1154,po379,p53,79,20015
poi1155,po379,p121,29,45983
poi1156,po380,p321,77,13812
poi1157,po380,p282,69,43780
poi1158,po380,p250,46,60391
poi1159,po380,p123,96,54852
poi1160,po381,p262,47,39618
poi1161,po382,p237,71,3231
poi1162,po383,p339,36,30308
poi1163,po383,p287,33,15151
poi1164,po383,p47,57,48233
poi1165,po384,p184,45,10152
poi1166,po384,p225,63,42389
poi1167,po385,p128,62,53323
poi1168,po385,p312,32,19930
poi1169,po386,p214,15,56485
poi1170,po386,p136,20,77501
poi1171,po387,p223,80,70017
poi1172,po387,p36,94,45911
poi1173,po387,p73,80,30330
poi1174,po387,p393,68,69749
poi1175,po387,p307,89,45784
poi1176,po388,p24,17,26566
poi1177,po389,p281,71,10851
poi1178,po389,p173,23,22798
poi1179,po389,p357,33,29886
poi1180,po389,p126,65,37575
poi1181,po389,p65,46,77216
poi1182,po390,p265,72,27986
poi1183,po390,p50,74,9217
poi1184,po390,p265,50,27986
poi1185,po390,p261,35,10957
poi1186,po390,p164,99,79241
poi1187,po391,p24,82,26566
poi1188,po391,p302,76,59162
poi1189,po391,p397,76,10434
poi1190,po392,p396,87,4919
poi1191,po392,p266,45,2121
poi1192,po393,p227,95,76684
poi1193,po394,p16,43,66379
poi1194,po394,p70,12,32644
poi1195,po394,p221,15,7788
poi1196,po395,p97,34,39476
poi1197,po396,p242,79,8145
poi1198,po396,p318,12,48332
poi1199,po396,p158,51,3289
poi1200,po396,p256,12,52085
poi1201,po397,p140,74,16904
poi1202,po397,p222,78,40165
poi1203,po398,p55,22,19638
poi1204,po398,p313,83,24136
poi1205,po399,p39,89,41796
poi1206,po399,p71,67,67085
poi1207,po399,p365,88,6756
poi1208,po399,p115,15,21075
poi1209,po399,p77,57,66130
poi1210,po400,p229,69,71965
poi1211,po401,p32,63,31619
poi1212,po401,p356,52,4880
poi1213,po401,p336,60,8144
poi1214,po401,p91,90,36147
poi1215,po401,p236,76,9251
poi1216,po402,p160,97,53153
poi1217,po402,p242,29,8145
poi1218,po402,p201,10,42200
poi1219,po403,p74,18,21467
poi1220,po403,p343,57,21631
poi1221,po403,p253,73,73625
poi1222,po403,p325,10,11272
poi1223,po403,p189,89,18888
poi1224,po404,p243,14,74618
poi1225,po404,p359,16,776
poi1226,po405,p330,35,23924
poi1227,po406,p325,63,11272
poi1228,po406,p291,19,26374
poi1229,po406,p94,35,72934
poi1230,po406,p317,17,47687
poi1231,po407,p227,12,76684
poi1232,po407,p97,20,39476
poi1233,po407,p149,24,8790
poi1234,po407,p346,44,4470
poi1235,po408,p24,35,26566
poi1236,po408,p217,16,47082
poi1237,po409,p141,42,24364
poi1238,po409,p285,33,38810
poi1239,po409,p375,94,46453
poi1240,po409,p326,55,77256
poi1241,po410,p220,69,2818
poi1242,po410,p65,21,77216
poi1243,po410,p328,96,44736
poi1244,po410,p115,51,21075
poi1245,po410,p282,55,43780
poi1246,po411,p287,41,15151
poi1247,po411,p86,82,710
poi1248,po411,p182,51,58207
poi1249,po411,p327,27,54635
poi1250,po412,p190,59,63181
poi1251,po412,p43,39,5996
poi1252,po412,p193,68,7549
poi1253,po412,p181,80,24331
poi1254,po413,p367,21,43847
poi1255,po413,p96,69,72346
poi1256,po413,p161,94,26907
poi1257,po413,p354,43,75850
poi1258,po414,p353,88,70158
poi1259,po414,p149,88,8790
poi1260,po414,p214,16,56485
poi1261,po414,p127,15,18217
poi1262,po415,p360,34,30091
poi1263,po416,p196,20,66509
poi1264,po416,p52,87,40647
poi1265,po416,p231,80,177
poi1266,po417,p116,80,43254
poi1267,po418,p317,100,47687
poi1268,po418,p76,90,52624
poi1269,po418,p249,80,8198
poi1270,po419,p307,43,45784
poi1271,po419,p12,85,68502
poi1272,po419,p7,93,7902
poi1273,po419,p270,85,37751
poi1274,po420,p300,57,33558
poi1275,po420,p165,45,65866
poi1276,po420,p273,17,72448
poi1277,po420,p102,32,72261
poi1278,po420,p242,44,8145
poi1279,po421,p286,38,20419
poi1280,po421,p383,19,70592
poi1281,po421,p375,57,46453
poi1282,po421,p233,19,33869
poi1283,po421,p343,76,21631
poi1284,po422,p212,76,8914
poi1285,po422,p55,35,19638
poi1286,po423,p161,65,26907
poi1287,po423,p114,25,9417
poi1288,po423,p261,92,10957
poi1289,po423,p104,39,42489
poi1290,po424,p241,96,44546
poi1291,po425,p259,51,63634
poi1292,po425,p187,27,65659
poi1293,po426,p98,44,69052
poi1294,po426,p162,66,20100
poi1295,po426,p226,47,27618
poi1296,po427,p259,25,63634
poi1297,po427,p297,96,28944
poi1298,po427,p151,100,46126
poi1299,po427,p61,45,72696
poi1300,po428,p343,15,21631
poi1301,po429,p309,25,75859
poi1302,po429,p95,58,56233
poi1303,po429,p286,55,20419
poi1304,po429,p313,87,24136
poi1305,po430,p204,85,73727
poi1306,po430,p36,85,45911
poi1307,po430,p217,33,47082
poi1308,po430,p78,13,30007
poi1309,po430,p239,32,68757
poi1310,po431,p124,32,35180
poi1311,po432,p34,35,79041
poi1312,po433,p303,51,79948
poi1313,po434,p102,53,72261
poi1314,po434,p60,82,37512
poi1315,po434,p374,76,33586
poi1316,po435,p336,25,8144
poi1317,po436,p130,41,58876
poi1318,po436,p78,65,30007
poi1319,po437,p15,92,1084
poi1320,po438,p291,89,26374
poi1321,po439,p334,81,25767
poi1322,po439,p363,59,59741
poi1323,po439,p88,22,15360
poi1324,po440,p222,85,40165
poi1325,po440,p397,37,10434
poi1326,po441,p356,89,4880
poi1327,po441,p357,25,29886
poi1328,po441,p256,89,52085
poi1329,po442,p94,16,72934
poi1330,po442,p163,89,9301
poi1331,po443,p271,79,40413
poi1332,po443,p396,92,4919
poi1333,po444,p393,23,69749
poi1334,po444,p392,86,8779
poi1335,po444,p26,68,43039
poi1336,po445,p314,55,32813
poi1337,po445,p63,16,59519
poi1338,po445,p297,90,28944
poi1339,po445,p327,24,54635
poi1340,po445,p222,62,40165
poi1341,po446,p132,39,60353
poi1342,po446,p10,47,57582
poi1343,po446,p264,10,44796
poi1344,po446,p278,67,74731
poi1345,po447,p282,58,43780
poi1346,po447,p142,43,22135
poi1347,po447,p183,21,3658
poi1348,po447,p369,71,49938
poi1349,po447,p105,86,57989
poi1350,po448,p198,14,50408
poi1351,po449,p314,66,32813
poi1352,po449,p74,60,21467
poi1353,po449,p286,48,20419
poi1354,po449,p162,12,20100
poi1355,po449,p182,90,58207
poi1356,po450,p264,18,44796
poi1357,po451,p322,93,33080
poi1358,po451,p97,22,39476
poi1359,po452,p339,49,30308
poi1360,po453,p18,25,2357
poi1361,po453,p139,25,33494
poi1362,po453,p334,43,25767
poi1363,po453,p245,90,33571
poi1364,po454,p314,25,32813
poi1365,po454,p365,10,6756
poi1366,po454,p43,59,5996
poi1367,po454,p73,86,30330
poi1368,po454,p270,26,37751
poi1369,po455,p265,11,27986
poi1370,po455,p297,22,28944
poi1371,po455,p328,70,44736
poi1372,po456,p8,81,47763
poi1373,po456,p48,74,52118
poi1374,po456,p228,47,43302
poi1375,po456,p378,97,47833
poi1376,po456,p16,81,66379
poi1377,po457,p156,57,34779
poi1378,po458,p280,38,17377
poi1379,po459,p91,41,36147
poi1380,po459,p48,80,52118
poi1381,po459,p187,20,65659
poi1382,po459,p285,39,38810
poi1383,po460,p146,32,56607
poi1384,po460,p319,57,5259
poi1385,po461,p182,46,58207
poi1386,po461,p273,11,72448
poi1387,po461,p104,82,42489
poi1388,po461,p196,41,66509
poi1389,po462,p237,50,3231
poi1390,po462,p189,66,18888
poi1391,po463,p217,57,47082
poi1392,po463,p385,83,71182
poi1393,po463,p287,71,15151
poi1394,po464,p318,95,48332
poi1395,po465,p380,15,78237
poi1396,po466,p81,38,47383
poi1397,po466,p179,58,58839
poi1398,po466,p96,37,72346
poi1399,po466,p276,56,75508
poi1400,po467,p300,93,33558
poi1401,po467,p41,32,65963
poi1402,po468,p346,69,4470
poi1403,po468,p2,79,22912
poi1404,po468,p12,10,68502
poi1405,po468,p244,13,5538
poi1406,po469,p284,25,19674
poi1407,po470,p127,55,18217
poi1408,po470,p12,92,68502
poi1409,po470,p354,76,75850
poi1410,po470,p17,40,39968
poi1411,po471,p164,24,79241
poi1412,po471,p380,90,78237
poi1413,po472,p384,68,1077
poi1414,po472,p303,68,79948
poi1415,po473,p360,38,30091
poi1416,po473,p325,99,11272
poi1417,po473,p202,88,48999
poi1418,po473,p364,31,66869
poi1419,po474,p34,32,79041
poi1420,po474,p25,31,52187
poi1421,po474,p195,58,53530
poi1422,po474,p373,78,4112
poi1423,po475,p79,80,36378
poi1424,po475,p353,73,70158
poi1425,po475,p52,26,40647
poi1426,po475,p167,93,41246
poi1427,po476,p376,77,55814
poi1428,po476,p344,29,22393
poi1429,po476,p260,50,39089
poi1430,po477,p309,80,75859
poi1431,po477,p242,10,8145
poi1432,po477,p278,10,74731
poi1433,po477,p119,85,50118
poi1434,po478,p50,68,9217
poi1435,po478,p222,62,40165
poi1436,po478,p109,25,17566
poi1437,po478,p74,98,21467
poi1438,po479,p103,83,15317
poi1439,po479,p22,25,3673
poi1440,po480,p81,35,47383
poi1441,po480,p41,72,65963
poi1442,po480,p378,92,47833
poi1443,po480,p85,83,58962
poi1444,po480,p334,86,25767
poi1445,po481,p341,95,58854
poi1446,po481,p214,44,56485
poi1447,po481,p171,28,67572
poi1448,po482,p334,68,25767
poi1449,po483,p32,52,31619
poi1450,po483,p125,14,23907
poi1451,po483,p375,23,46453
poi1452,po484,p185,12,64354
poi1453,po484,p117,46,61803
poi1454,po485,p305,53,23857
poi1455,po485,p316,34,64112
poi1456,po486,p86,32,710
poi1457,po486,p399,43,2897
poi1458,po486,p371,65,32547
poi1459,po486,p174,80,17857
poi1460,po487,p282,87,43780
poi1461,po487,p350,69,39842
poi1462,po487,p134,35,56311
poi1463,po488,p253,30,73625
poi1464,po488,p70,14,32644
poi1465,po489,p358,67,20040
poi1466,po489,p400,38,59708
poi1467,po489,p53,93,20015
poi1468,po489,p139,63,33494
poi1469,po490,p305,92,23857
poi1470,po490,p389,52,73027
poi1471,po490,p41,65,65963
poi1472,po491,p36,66,45911
poi1473,po491,p195,34,53530
poi1474,po491,p369,21,49938
poi1475,po491,p372,46,78769
poi1476,po492,p266,14,2121
poi1477,po492,p148,81,72741
poi1478,po493,p262,58,39618
poi1479,po493,p6,35,16467
poi1480,po494,p252,50,70803
poi1481,po494,p289,56,46107
poi1482,po494,p108,21,66652
poi1483,po494,p147,62,72890
poi1484,po495,p284,99,19674
poi1485,po496,p320,68,75261
poi1486,po496,p219,92,33587
poi1487,po496,p330,57,23924
poi1488,po496,p303,94,79948
poi1489,po497,p178,69,42857
poi1490,po497,p121,81,45983
poi1491,po498,p89,85,17947
poi1492,po498,p337,60,42377
poi1493,po498,p349,77,37144
poi1494,po498,p314,50,32813
poi1495,po499,p369,24,49938
poi1496,po499,p257,75,62231
poi1497,po500,p193,33,7549
poi1498,po501,p186,70,55465
poi1499,po501,p198,16,50408
poi1500,po501,p22,79,3673
poi1501,po501,p216,79,75122
poi1502,po502,p228,71,43302
poi1503,po502,p20,66,42689
poi1504,po502,p307,49,45784
poi1505,po502,p91,17,36147
poi1506,po502,p321,40,13812
poi1507,po503,p373,30,4112
poi1508,po503,p203,82,27385
poi1509,po503,p127,32,18217
poi1510,po503,p166,38,44191
poi1511,po503,p166,94,44191
poi1512,po504,p47,48,48233
poi1513,po504,p374,70,33586
poi1514,po504,p183,70,3658
poi1515,po504,p91,48,36147
poi1516,po504,p307,52,45784
poi1517,po505,p309,50,75859
poi1518,po505,p108,48,66652
poi1519,po505,p285,63,38810
poi1520,po505,p114,76,9417
poi1521,po505,p369,93,49938
poi1522,po506,p34,85,79041
poi1523,po506,p358,43,20040
poi1524,po506,p378,74,47833
poi1525,po507,p216,69,75122
poi1526,po508,p56,42,52186
poi1527,po509,p100,85,48135
poi1528,po510,p275,74,13628
poi1529,po511,p150,87,30855
poi1530,po512,p68,70,79445
poi1531,po512,p148,23,72741
poi1532,po512,p209,93,37536
poi1533,po512,p240,13,63310
poi1534,po512,p42,27,77110
poi1535,po513,p254,60,68416
poi1536,po513,p378,80,47833
poi1537,po513,p341,21,58854
poi1538,po513,p215,29,24617
poi1539,po514,p58,11,16123
poi1540,po514,p369,12,49938
poi1541,po515,p36,10,45911
poi1542,po515,p379,21,1193
poi1543,po515,p395,28,5307
poi1544,po515,p90,35,22285
poi1545,po516,p177,56,23115
poi1546,po516,p396,68,4919
poi1547,po516,p19,18,33414
poi1548,po516,p64,42,28526
poi1549,po517,p360,67,30091
poi1550,po517,p360,33,30091
poi1551,po517,p186,15,55465
poi1552,po517,p16,67,66379
poi1553,po518,p44,90,2627
poi1554,po518,p37,71,43651
poi1555,po519,p396,40,4919
poi1556,po519,p394,73,57960
poi1557,po520,p12,52,68502
poi1558,po520,p160,10,53153
poi1559,po520,p134,99,56311
poi1560,po520,p22,89,3673
poi1561,po520,p8,34,47763
poi1562,po521,p364,56,66869
poi1563,po521,p61,66,72696
poi1564,po521,p240,34,63310
poi1565,po522,p176,35,41999
poi1566,po522,p185,97,64354
poi1567,po522,p234,87,76372
poi1568,po523,p282,36,43780
poi1569,po523,p331,50,10728
poi1570,po524,p231,60,177
poi1571,po524,p335,72,12997
poi1572,po524,p323,92,25594
poi1573,po524,p91,89,36147
poi1574,po524,p202,51,48999
poi1575,po525,p10,16,57582
poi1576,po525,p371,49,32547
poi1577,po526,p321,34,13812
poi1578,po526,p154,69,32721
poi1579,po526,p391,30,43662
poi1580,po526,p268,85,66361
poi1581,po526,p120,12,23941
poi1582,po527,p59,17,23193
poi1583,po527,p10,72,57582
poi1584,po528,p303,40,79948
poi1585,po529,p56,70,52186
poi1586,po530,p195,100,53530
poi1587,po530,p63,70,59519
poi1588,po531,p201,47,42200
poi1589,po532,p386,72,28680
poi1590,po533,p304,28,10768
poi1591,po533,p75,75,3841
poi1592,po533,p292,30,43795
poi1593,po533,p385,98,71182
poi1594,po533,p111,66,8813
poi1595,po534,p151,93,46126
poi1596,po534,p280,54,17377
poi1597,po535,p137,55,16252
poi1598,po535,p125,36,23907
poi1599,po535,p319,58,5259
poi1600,po536,p318,92,48332
poi1601,po536,p30,70,63710
poi1602,po537,p294,68,887
poi1603,po537,p317,15,47687
poi1604,po537,p294,63,887
poi1605,po537,p24,44,26566
poi1606,po538,p82,50,8266
poi1607,po538,p141,26,24364
poi1608,po538,p356,43,4880
poi1609,po538,p90,61,22285
poi1610,po538,p379,66,1193
poi1611,po539,p360,64,30091
poi1612,po539,p49,26,29326
poi1613,po540,p255,43,7060
poi1614,po540,p143,91,16027
poi1615,po540,p305,89,23857
poi1616,po541,p159,24,48731
poi1617,po541,p3,67,34402
poi1618,po541,p180,63,57210
poi1619,po541,p62,43,23299
poi1620,po541,p93,23,31082
poi1621,po542,p242,29,8145
poi1622,po542,p395,36,5307
poi1623,po542,p279,85,4053
poi1624,po542,p69,29,24769
poi1625,po543,p69,71,24769
poi1626,po543,p356,88,4880
poi1627,po543,p134,23,56311
poi1628,po544,p106,64,62354
poi1629,po544,p359,27,776
poi1630,po544,p181,84,24331
poi1631,po544,p198,74,50408
poi1632,po544,p86,70,710
poi1633,po545,p310,72,55242
poi1634,po545,p67,96,16535
poi1635,po545,p61,59,72696
poi1636,po546,p175,16,13757
poi1637,po546,p217,75,47082
poi1638,po546,p238,67,32847
poi1639,po547,p149,74,8790
poi1640,po547,p294,36,887
poi1641,po547,p112,40,43868
poi1642,po547,p172,64,40398
poi1643,po548,p178,74,42857
poi1644,po549,p139,11,33494
poi1645,po549,p337,81,42377
poi1646,po549,p346,58,4470
poi1647,po550,p296,29,10637
poi1648,po550,p370,80,69043
poi1649,po550,p138,68,78960
poi1650,po550,p200,64,74904
poi1651,po550,p251,40,17257
poi1652,po551,p125,56,23907
poi1653,po551,p386,16,28680
poi1654,po551,p21,49,19847
poi1655,po552,p363,76,59741
poi1656,po552,p3,87,34402
poi1657,po552,p28,99,54759
poi1658,po552,p232,12,62825
poi1659,po552,p97,87,39476
poi1660,po553,p330,30,23924
poi1661,po553,p232,15,62825
poi1662,po553,p321,12,13812
poi1663,po554,p398,55,2585
poi1664,po554,p203,50,27385
poi1665,po554,p204,95,73727
poi1666,po554,p214,13,56485
poi1667,po554,p66,57,9453
poi1668,po555,p166,62,44191
poi1669,po555,p229,100,71965
poi1670,po555,p286,70,20419
poi1671,po556,p355,99,6659
poi1672,po556,p246,29,64168
poi1673,po556,p205,21,66360
poi1674,po556,p385,20,71182
poi1675,po557,p358,72,20040
poi1676,po557,p291,88,26374
poi1677,po558,p122,35,4138
poi1678,po558,p344,46,22393
poi1679,po558,p281,87,10851
poi1680,po558,p114,65,9417
poi1681,po558,p132,45,60353
poi1682,po559,p48,10,52118
poi1683,po559,p361,78,10835
poi1684,po560,p183,65,3658
poi1685,po560,p379,95,1193
poi1686,po560,p146,77,56607
poi1687,po561,p301,96,69834
poi1688,po561,p158,24,3289
poi1689,po561,p72,54,15103
poi1690,po561,p234,62,76372
poi1691,po562,p278,43,74731
poi1692,po562,p191,61,47146
poi1693,po563,p350,92,39842
poi1694,po563,p163,24,9301
poi1695,po563,p121,86,45983
poi1696,po563,p205,52,66360
poi1697,po563,p272,45,61091
poi1698,po564,p145,68,57189
poi1699,po564,p276,22,75508
poi1700,po564,p165,96,65866
poi1701,po564,p281,74,10851
poi1702,po564,p181,53,24331
poi1703,po565,p160,13,53153
poi1704,po566,p189,11,18888
poi1705,po566,p30,78,63710
poi1706,po566,p389,29,73027
poi1707,po566,p190,90,63181
poi1708,po566,p168,58,22872
poi1709,po567,p130,71,58876
poi1710,po567,p263,73,76523
poi1711,po567,p51,41,15552
poi1712,po568,p282,18,43780
poi1713,po568,p355,45,6659
poi1714,po569,p376,63,55814
poi1715,po570,p206,86,67674
poi1716,po570,p82,10,8266
poi1717,po570,p99,63,3476
poi1718,po570,p310,51,55242
poi1719,po570,p400,34,59708
poi1720,po571,p87,56,41593
poi1721,po572,p67,84,16535
poi1722,po572,p69,18,24769
poi1723,po572,p76,79,52624
poi1724,po572,p251,28,17257
poi1725,po573,p3,90,34402
poi1726,po573,p202,68,48999
poi1727,po573,p375,41,46453
poi1728,po574,p162,23,20100
poi1729,po574,p17,31,39968
poi1730,po574,p92,75,49657
poi1731,po574,p290,67,11319
poi1732,po575,p237,22,3231
poi1733,po575,p19,30,33414
poi1734,po576,p267,97,26211
poi1735,po576,p137,56,16252
poi1736,po576,p392,51,8779
poi1737,po577,p244,97,5538
poi1738,po577,p106,21,62354
poi1739,po578,p347,33,76223
poi1740,po578,p29,81,21287
poi1741,po578,p7,81,7902
poi1742,po578,p219,30,33587
poi1743,po578,p376,72,55814
poi1744,po579,p115,17,21075
poi1745,po579,p39,14,41796
poi1746,po579,p4,25,39663
poi1747,po580,p273,93,72448
poi1748,po580,p310,59,55242
poi1749,po580,p380,93,78237
poi1750,po580,p105,59,57989
poi1751,po581,p103,26,15317
poi1752,po581,p190,25,63181
poi1753,po581,p270,52,37751
poi1754,po581,p270,49,37751
poi1755,po581,p197,55,477
poi1756,po582,p114,80,9417
poi1757,po582,p313,22,24136
poi1758,po582,p310,39,55242
poi1759,po583,p206,57,67674
poi1760,po583,p127,32,18217
poi1761,po584,p348,16,9960
poi1762,po584,p122,22,4138
poi1763,po584,p381,87,52919
poi1764,po584,p183,49,3658
poi1765,po585,p363,52,59741
poi1766,po585,p79,44,36378
poi1767,po586,p315,52,69855
poi1768,po586,p379,66,1193
poi1769,po587,p6,39,16467
poi1770,po587,p5,74,23291
poi1771,po587,p349,94,37144
poi1772,po587,p300,87,33558
poi1773,po588,p169,25,4467
poi1774,po588,p91,44,36147
poi1775,po588,p161,47,26907
poi1776,po589,p197,87,477
poi1777,po590,p368,22,26863
poi1778,po590,p336,10,8144
poi1779,po591,p218,44,27146
poi1780,po591,p238,17,32847
poi1781,po592,p296,15,10637
poi1782,po592,p171,81,67572
poi1783,po593,p232,30,62825
poi1784,po594,p20,13,42689
poi1785,po594,p107,14,66694
poi1786,po594,p147,56,72890
poi1787,po594,p376,90,55814
poi1788,po594,p302,63,59162
poi1789,po595,p190,93,63181
poi1790,po595,p2,56,22912
poi1791,po595,p242,43,8145
poi1792,po596,p1,67,77179
poi1793,po596,p376,56,55814
poi1794,po596,p348,77,9960
poi1795,po597,p218,23,27146
poi1796,po597,p70,99,32644
poi1797,po598,p295,47,38794
poi1798,po598,p75,92,3841
poi1799,po599,p184,96,10152
poi1800,po599,p34,93,79041
poi1801,po599,p84,94,38466
poi1802,po600,p355,11,6659
poi1803,po600,p75,46,3841
poi1804,po600,p172,13,40398